Country,Code,Year,Life expectancy,Obesity,undernourishment
Afghanistan,AFG,2001,56.308,2.4,47.8
Afghanistan,AFG,2002,56.784,2.6,45.7
Afghanistan,AFG,2003,57.271,2.7,40.7
Afghanistan,AFG,2004,57.772,2.9,38.1
Afghanistan,AFG,2005,58.29,3,36.2
Afghanistan,AFG,2006,58.826,3.2,33.5
Afghanistan,AFG,2007,59.375,3.4,30
Afghanistan,AFG,2008,59.93,3.6,26.4
Afghanistan,AFG,2009,60.484,3.8,24.9
Afghanistan,AFG,2010,61.028,4,24.1
Afghanistan,AFG,2011,61.553,4.2,25
Afghanistan,AFG,2012,62.054,4.4,27.2
Afghanistan,AFG,2013,62.525,4.7,26.5
Afghanistan,AFG,2014,62.966,4.9,26.4
Afghanistan,AFG,2015,63.377,5.2,25.8
Afghanistan,AFG,2016,63.763,5.5,27.5
Africa,,2001,52.995,6.2,23.8
Africa,,2002,53.368,6.5,23.4
Africa,,2003,53.827,6.7,23.2
Africa,,2004,54.367,7,22.4
Africa,,2005,54.982,7.3,21.4
Africa,,2006,55.661,7.6,20.6
Africa,,2007,56.382,7.8,20.1
Africa,,2008,57.121,8.1,19.7
Africa,,2009,57.858,8.4,19.3
Africa,,2010,58.576,8.7,18.8
Africa,,2011,59.263,9,18.4
Africa,,2012,59.914,9.3,18.1
Africa,,2013,60.527,9.6,17.9
Africa,,2014,61.093,9.9,18
Africa,,2015,61.607,10.3,18.2
Africa,,2016,62.064,10.6,18.5
Albania,ALB,2001,74.288,13.6,5
Albania,ALB,2002,74.579,14,6.1
Albania,ALB,2003,74.828,14.5,7.5
Albania,ALB,2004,75.039,14.9,8.7
Albania,ALB,2005,75.228,15.4,8.9
Albania,ALB,2006,75.423,16,8.8
Albania,ALB,2007,75.646,16.5,8.3
Albania,ALB,2008,75.912,17,7.3
Albania,ALB,2009,76.221,17.6,6
Albania,ALB,2010,76.562,18.2,5
Albania,ALB,2011,76.914,18.8,4.1
Albania,ALB,2012,77.252,19.3,3.5
Albania,ALB,2013,77.554,19.9,3.9
Albania,ALB,2014,77.813,20.5,4.5
Albania,ALB,2015,78.025,21.1,4.9
Albania,ALB,2016,78.194,21.7,4.5
Algeria,DZA,2001,71.116,17.9,8
Algeria,DZA,2002,71.605,18.5,7.4
Algeria,DZA,2003,72.101,19.1,7
Algeria,DZA,2004,72.594,19.6,7
Algeria,DZA,2005,73.072,20.2,6.7
Algeria,DZA,2006,73.521,20.8,6.4
Algeria,DZA,2007,73.936,21.4,6
Algeria,DZA,2008,74.311,22,5.6
Algeria,DZA,2009,74.644,22.7,5.2
Algeria,DZA,2010,74.938,23.3,4.5
Algeria,DZA,2011,75.199,24,4
Algeria,DZA,2012,75.436,24.7,3.5
Algeria,DZA,2013,75.661,25.3,3.3
Algeria,DZA,2014,75.878,26,3.3
Algeria,DZA,2015,76.09,26.7,3.2
Algeria,DZA,2016,76.298,27.4,3.2
Angola,AGO,2001,47.059,3.8,67.5
Angola,AGO,2002,47.702,4.1,63.2
Angola,AGO,2003,48.44,4.3,58.7
Angola,AGO,2004,49.263,4.5,55.1
Angola,AGO,2005,50.165,4.8,52.2
Angola,AGO,2006,51.143,5,49.4
Angola,AGO,2007,52.177,5.3,46.2
Angola,AGO,2008,53.243,5.6,43
Angola,AGO,2009,54.311,5.9,40.3
Angola,AGO,2010,55.35,6.2,37.9
Angola,AGO,2011,56.33,6.5,37
Angola,AGO,2012,57.236,6.8,35.4
Angola,AGO,2013,58.054,7.1,29.2
Angola,AGO,2014,58.776,7.5,23.1
Angola,AGO,2015,59.398,7.9,19
Angola,AGO,2016,59.925,8.2,19.5
Argentina,ARG,2001,73.755,21.2,3.1
Argentina,ARG,2002,73.932,21.6,3.9
Argentina,ARG,2003,74.107,22.1,4.5
Argentina,ARG,2004,74.28,22.5,4.1
Argentina,ARG,2005,74.451,23,3.8
Argentina,ARG,2006,74.62,23.4,3.4
Argentina,ARG,2007,74.787,23.9,3.3
Argentina,ARG,2008,74.952,24.4,3.4
Argentina,ARG,2009,75.116,24.8,3.4
Argentina,ARG,2010,75.278,25.3,3.4
Argentina,ARG,2011,75.439,25.8,3.3
Argentina,ARG,2012,75.598,26.3,3.2
Argentina,ARG,2013,75.756,26.8,2.8
Argentina,ARG,2014,75.913,27.3,2.5
Argentina,ARG,2015,76.068,27.8,2.6
Argentina,ARG,2016,76.221,28.3,2.9
Armenia,ARM,2001,71.8,14.4,26.2
Armenia,ARM,2002,72.112,14.7,24.5
Armenia,ARM,2003,72.348,15,21.1
Armenia,ARM,2004,72.513,15.4,16
Armenia,ARM,2005,72.626,15.7,12.3
Armenia,ARM,2006,72.716,16,9.4
Armenia,ARM,2007,72.815,16.4,7
Armenia,ARM,2008,72.946,16.7,5.7
Armenia,ARM,2009,73.118,17.1,4.7
Armenia,ARM,2010,73.331,17.5,4.4
Armenia,ARM,2011,73.572,17.9,4.1
Armenia,ARM,2012,73.82,18.3,3.6
Armenia,ARM,2013,74.056,18.8,3.3
Armenia,ARM,2014,74.273,19.2,2.9
Armenia,ARM,2015,74.467,19.7,2.7
Armenia,ARM,2016,74.64,20.2,2.8
Australia,AUS,2001,79.886,20.7,2.5
Australia,AUS,2002,80.174,21.3,2.5
Australia,AUS,2003,80.451,21.8,2.5
Australia,AUS,2004,80.711,22.4,2.5
Australia,AUS,2005,80.952,22.9,2.5
Australia,AUS,2006,81.174,23.5,2.5
Australia,AUS,2007,81.381,24,2.5
Australia,AUS,2008,81.577,24.6,2.5
Australia,AUS,2009,81.764,25.1,2.5
Australia,AUS,2010,81.944,25.6,2.5
Australia,AUS,2011,82.119,26.2,2.5
Australia,AUS,2012,82.291,26.7,2.5
Australia,AUS,2013,82.46,27.3,2.5
Australia,AUS,2014,82.627,27.9,2.5
Australia,AUS,2015,82.794,28.4,2.5
Australia,AUS,2016,82.959,29,2.5
Austria,AUT,2001,78.518,14.3,2.5
Austria,AUT,2002,78.791,14.7,2.5
Austria,AUT,2003,79.059,15,2.5
Austria,AUT,2004,79.318,15.4,2.5
Austria,AUT,2005,79.567,15.8,2.5
Austria,AUT,2006,79.806,16.1,2.5
Austria,AUT,2007,80.032,16.5,2.5
Austria,AUT,2008,80.246,16.9,2.5
Austria,AUT,2009,80.444,17.3,2.5
Austria,AUT,2010,80.622,17.6,2.5
Austria,AUT,2011,80.776,18,2.5
Austria,AUT,2012,80.906,18.4,2.5
Austria,AUT,2013,81.013,18.8,2.5
Austria,AUT,2014,81.103,19.2,2.5
Austria,AUT,2015,81.182,19.7,2.5
Austria,AUT,2016,81.258,20.1,2.5
Azerbaijan,AZE,2001,67.054,12.8,17.1
Azerbaijan,AZE,2002,67.391,13.2,13.5
Azerbaijan,AZE,2003,67.791,13.5,10.5
Azerbaijan,AZE,2004,68.249,13.9,7.5
Azerbaijan,AZE,2005,68.747,14.3,4.8
Azerbaijan,AZE,2006,69.259,14.8,2.9
Azerbaijan,AZE,2007,69.752,15.2,2.5
Azerbaijan,AZE,2008,70.201,15.7,2.5
Azerbaijan,AZE,2009,70.597,16.2,2.5
Azerbaijan,AZE,2010,70.938,16.6,2.5
Azerbaijan,AZE,2011,71.234,17.2,2.5
Azerbaijan,AZE,2012,71.506,17.7,2.5
Azerbaijan,AZE,2013,71.768,18.2,2.5
Azerbaijan,AZE,2014,72.022,18.8,2.5
Azerbaijan,AZE,2015,72.266,19.3,2.5
Azerbaijan,AZE,2016,72.493,19.9,2.5
Bangladesh,BGD,2001,65.956,1.4,16
Bangladesh,BGD,2002,66.43,1.5,15.2
Bangladesh,BGD,2003,66.886,1.6,15
Bangladesh,BGD,2004,67.331,1.7,14.5
Bangladesh,BGD,2005,67.773,1.8,14.3
Bangladesh,BGD,2006,68.213,1.9,13.9
Bangladesh,BGD,2007,68.648,2,14
Bangladesh,BGD,2008,69.072,2.2,13.7
Bangladesh,BGD,2009,69.485,2.3,13.9
Bangladesh,BGD,2010,69.881,2.5,13.8
Bangladesh,BGD,2011,70.256,2.6,13.9
Bangladesh,BGD,2012,70.606,2.8,13.8
Bangladesh,BGD,2013,70.93,3,14.2
Bangladesh,BGD,2014,71.231,3.2,14.5
Bangladesh,BGD,2015,71.514,3.4,14.9
Bangladesh,BGD,2016,71.785,3.6,14.1
Barbados,BRB,2001,77.362,15.6,6.5
Barbados,BRB,2002,77.534,16,6.3
Barbados,BRB,2003,77.682,16.5,6.7
Barbados,BRB,2004,77.808,17,6.2
Barbados,BRB,2005,77.915,17.4,6.2
Barbados,BRB,2006,78.009,17.9,5.3
Barbados,BRB,2007,78.097,18.4,5.4
Barbados,BRB,2008,78.184,18.9,4.9
Barbados,BRB,2009,78.272,19.4,4.9
Barbados,BRB,2010,78.364,19.8,4.8
Barbados,BRB,2011,78.456,20.4,4.8
Barbados,BRB,2012,78.547,20.9,4.5
Barbados,BRB,2013,78.633,21.4,4.5
Barbados,BRB,2014,78.717,22,4.4
Barbados,BRB,2015,78.801,22.5,4.5
Barbados,BRB,2016,78.888,23.1,4.6
Belarus,BLR,2001,67.458,19.1,2.5
Belarus,BLR,2002,67.612,19.5,2.8
Belarus,BLR,2003,67.809,19.8,3.3
Belarus,BLR,2004,68.044,20.2,3.3
Belarus,BLR,2005,68.327,20.5,2.5
Belarus,BLR,2006,68.678,20.9,2.5
Belarus,BLR,2007,69.107,21.2,2.5
Belarus,BLR,2008,69.616,21.6,2.5
Belarus,BLR,2009,70.189,21.9,2.5
Belarus,BLR,2010,70.806,22.3,2.5
Belarus,BLR,2011,71.443,22.7,2.5
Belarus,BLR,2012,72.07,23,2.5
Belarus,BLR,2013,72.659,23.4,2.5
Belarus,BLR,2014,73.192,23.7,2.5
Belarus,BLR,2015,73.652,24.1,2.5
Belarus,BLR,2016,74.031,24.5,2.5
Belgium,BEL,2001,78.071,17.3,2.5
Belgium,BEL,2002,78.285,17.6,2.5
Belgium,BEL,2003,78.509,17.9,2.5
Belgium,BEL,2004,78.74,18.2,2.5
Belgium,BEL,2005,78.975,18.5,2.5
Belgium,BEL,2006,79.211,18.9,2.5
Belgium,BEL,2007,79.441,19.2,2.5
Belgium,BEL,2008,79.662,19.5,2.5
Belgium,BEL,2009,79.873,19.8,2.5
Belgium,BEL,2010,80.072,20.1,2.5
Belgium,BEL,2011,80.261,20.4,2.5
Belgium,BEL,2012,80.444,20.7,2.5
Belgium,BEL,2013,80.622,21,2.5
Belgium,BEL,2014,80.797,21.4,2.5
Belgium,BEL,2015,80.969,21.7,2.5
Belgium,BEL,2016,81.139,22.1,2.5
Belize,BLZ,2001,69.04,16.9,5.9
Belize,BLZ,2002,69.272,17.3,5.6
Belize,BLZ,2003,69.511,17.8,5.6
Belize,BLZ,2004,69.749,18.2,5.6
Belize,BLZ,2005,69.998,18.7,5.8
Belize,BLZ,2006,70.286,19.1,5.9
Belize,BLZ,2007,70.636,19.6,6.8
Belize,BLZ,2008,71.059,20,7.2
Belize,BLZ,2009,71.541,20.5,7
Belize,BLZ,2010,72.057,21,6.9
Belize,BLZ,2011,72.57,21.5,7.3
Belize,BLZ,2012,73.044,22,7.9
Belize,BLZ,2013,73.452,22.5,8
Belize,BLZ,2014,73.782,23,7.8
Belize,BLZ,2015,74.034,23.6,7.7
Belize,BLZ,2016,74.219,24.1,7.5
Benin,BEN,2001,55.668,5.2,17.4
Benin,BEN,2002,56.025,5.5,15.7
Benin,BEN,2003,56.436,5.7,13.8
Benin,BEN,2004,56.887,6,13.3
Benin,BEN,2005,57.355,6.2,12.2
Benin,BEN,2006,57.817,6.5,11.1
Benin,BEN,2007,58.255,6.7,10.2
Benin,BEN,2008,58.654,7,9.2
Benin,BEN,2009,59.009,7.3,9.2
Benin,BEN,2010,59.318,7.6,8.7
Benin,BEN,2011,59.59,7.9,8.4
Benin,BEN,2012,59.842,8.2,8.1
Benin,BEN,2013,60.092,8.6,7.8
Benin,BEN,2014,60.345,8.9,7.7
Benin,BEN,2015,60.608,9.3,7.6
Benin,BEN,2016,60.885,9.6,7.5
Bolivia,BOL,2001,63.054,13.6,27.9
Bolivia,BOL,2002,63.64,14,27
Bolivia,BOL,2003,64.21,14.4,27.9
Bolivia,BOL,2004,64.766,14.8,27.8
Bolivia,BOL,2005,65.312,15.2,26.9
Bolivia,BOL,2006,65.853,15.7,24.3
Bolivia,BOL,2007,66.395,16.1,23.8
Bolivia,BOL,2008,66.937,16.5,24.7
Bolivia,BOL,2009,67.476,17,24.9
Bolivia,BOL,2010,68.007,17.4,23.3
Bolivia,BOL,2011,68.521,17.9,21.2
Bolivia,BOL,2012,69.01,18.3,19.7
Bolivia,BOL,2013,69.468,18.8,19
Bolivia,BOL,2014,69.891,19.3,17.3
Bolivia,BOL,2015,70.277,19.7,16.2
Bolivia,BOL,2016,70.626,20.2,15.5
Bosnia and Herzegovina,BIH,2001,74.637,12.8,3.2
Bosnia and Herzegovina,BIH,2002,74.803,13.1,3.1
Bosnia and Herzegovina,BIH,2003,74.941,13.4,2.7
Bosnia and Herzegovina,BIH,2004,75.068,13.7,2.5
Bosnia and Herzegovina,BIH,2005,75.198,14,2.5
Bosnia and Herzegovina,BIH,2006,75.342,14.3,2.5
Bosnia and Herzegovina,BIH,2007,75.498,14.6,2.5
Bosnia and Herzegovina,BIH,2008,75.665,14.9,2.5
Bosnia and Herzegovina,BIH,2009,75.844,15.3,2.5
Bosnia and Herzegovina,BIH,2010,76.031,15.6,2.5
Bosnia and Herzegovina,BIH,2011,76.219,16,2.5
Bosnia and Herzegovina,BIH,2012,76.401,16.3,2.5
Bosnia and Herzegovina,BIH,2013,76.569,16.7,2.5
Bosnia and Herzegovina,BIH,2014,76.723,17.1,2.5
Bosnia and Herzegovina,BIH,2015,76.865,17.5,2.5
Bosnia and Herzegovina,BIH,2016,76.998,17.9,2.5
Botswana,BWA,2001,50.281,13.6,23.2
Botswana,BWA,2002,50.232,14,23.1
Botswana,BWA,2003,50.518,14.4,22.9
Botswana,BWA,2004,51.15,14.8,22
Botswana,BWA,2005,52.13,15.1,22.5
Botswana,BWA,2006,53.435,15.5,24.3
Botswana,BWA,2007,54.983,15.8,26.2
Botswana,BWA,2008,56.679,16.2,26.8
Botswana,BWA,2009,58.447,16.5,27
Botswana,BWA,2010,60.211,16.9,26.3
Botswana,BWA,2011,61.91,17.2,24.4
Botswana,BWA,2012,63.511,17.5,23.3
Botswana,BWA,2013,64.976,17.9,20.7
Botswana,BWA,2014,66.265,18.2,19.4
Botswana,BWA,2015,67.338,18.6,18.6
Botswana,BWA,2016,68.178,18.9,20.5
Brazil,BRA,2001,70.462,15,10.1
Brazil,BRA,2002,70.813,15.5,8.1
Brazil,BRA,2003,71.17,15.9,6.3
Brazil,BRA,2004,71.531,16.4,4.8
Brazil,BRA,2005,71.896,16.8,4.1
Brazil,BRA,2006,72.26,17.3,3.5
Brazil,BRA,2007,72.618,17.8,2.8
Brazil,BRA,2008,72.966,18.2,2.5
Brazil,BRA,2009,73.3,18.7,2.5
Brazil,BRA,2010,73.619,19.2,2.5
Brazil,BRA,2011,73.921,19.6,2.5
Brazil,BRA,2012,74.209,20.1,2.5
Brazil,BRA,2013,74.483,20.6,2.5
Brazil,BRA,2014,74.745,21.1,2.5
Brazil,BRA,2015,74.994,21.6,2.5
Brazil,BRA,2016,75.23,22.1,2.5
Brunei,BRN,2001,73.076,7.5,2.6
Brunei,BRN,2002,73.332,7.9,2.5
Brunei,BRN,2003,73.575,8.2,2.5
Brunei,BRN,2004,73.801,8.6,2.5
Brunei,BRN,2005,74.006,9,2.5
Brunei,BRN,2006,74.189,9.4,2.5
Brunei,BRN,2007,74.351,9.8,2.5
Brunei,BRN,2008,74.494,10.2,2.5
Brunei,BRN,2009,74.623,10.7,2.5
Brunei,BRN,2010,74.74,11.1,2.5
Brunei,BRN,2011,74.852,11.6,2.5
Brunei,BRN,2012,74.962,12.1,2.5
Brunei,BRN,2013,75.075,12.6,2.5
Brunei,BRN,2014,75.193,13.1,2.5
Brunei,BRN,2015,75.318,13.6,2.5
Brunei,BRN,2016,75.45,14.1,2.5
Bulgaria,BGR,2001,71.744,18.9,4
Bulgaria,BGR,2002,71.994,19.3,4.3
Bulgaria,BGR,2003,72.237,19.6,4.6
Bulgaria,BGR,2004,72.463,20,5
Bulgaria,BGR,2005,72.673,20.4,4.9
Bulgaria,BGR,2006,72.874,20.8,5.1
Bulgaria,BGR,2007,73.077,21.2,4.7
Bulgaria,BGR,2008,73.287,21.6,4.5
Bulgaria,BGR,2009,73.504,22,4.3
Bulgaria,BGR,2010,73.722,22.4,4.4
Bulgaria,BGR,2011,73.932,22.8,4.4
Bulgaria,BGR,2012,74.126,23.2,4.1
Bulgaria,BGR,2013,74.3,23.7,3.5
Bulgaria,BGR,2014,74.451,24.1,3.5
Bulgaria,BGR,2015,74.584,24.5,3.3
Bulgaria,BGR,2016,74.703,25,3.5
Burkina Faso,BFA,2001,50.893,2.3,24.5
Burkina Faso,BFA,2002,51.384,2.4,24.2
Burkina Faso,BFA,2003,51.956,2.6,23.4
Burkina Faso,BFA,2004,52.602,2.8,23.6
Burkina Faso,BFA,2005,53.31,2.9,23
Burkina Faso,BFA,2006,54.063,3.1,22.7
Burkina Faso,BFA,2007,54.841,3.3,21.6
Burkina Faso,BFA,2008,55.618,3.5,21
Burkina Faso,BFA,2009,56.377,3.7,19.9
Burkina Faso,BFA,2010,57.096,4,19.3
Burkina Faso,BFA,2011,57.761,4.2,18.8
Burkina Faso,BFA,2012,58.374,4.5,18.5
Burkina Faso,BFA,2013,58.937,4.7,17.9
Burkina Faso,BFA,2014,59.45,5,17.6
Burkina Faso,BFA,2015,59.919,5.3,17.6
Burkina Faso,BFA,2016,60.354,5.6,18.1
Cambodia,KHM,2001,59.335,1.6,23.7
Cambodia,KHM,2002,60.283,1.7,21.3
Cambodia,KHM,2003,61.241,1.8,19.5
Cambodia,KHM,2004,62.186,1.9,18.6
Cambodia,KHM,2005,63.088,2,17.1
Cambodia,KHM,2006,63.927,2.2,15.8
Cambodia,KHM,2007,64.697,2.3,15
Cambodia,KHM,2008,65.394,2.4,14.6
Cambodia,KHM,2009,66.014,2.6,14.4
Cambodia,KHM,2010,66.56,2.7,14.2
Cambodia,KHM,2011,67.043,2.9,14.2
Cambodia,KHM,2012,67.48,3.1,13.6
Cambodia,KHM,2013,67.888,3.3,14
Cambodia,KHM,2014,68.273,3.5,14.7
Cambodia,KHM,2015,68.637,3.7,15.7
Cambodia,KHM,2016,68.977,3.9,15.4
Cameroon,CMR,2001,51.222,6.1,23.1
Cameroon,CMR,2002,51.536,6.4,20.9
Cameroon,CMR,2003,51.908,6.7,19.5
Cameroon,CMR,2004,52.321,7,17.8
Cameroon,CMR,2005,52.76,7.3,16.1
Cameroon,CMR,2006,53.215,7.7,14.3
Cameroon,CMR,2007,53.681,8,12.8
Cameroon,CMR,2008,54.153,8.3,11.4
Cameroon,CMR,2009,54.627,8.7,10.2
Cameroon,CMR,2010,55.101,9,9.2
Cameroon,CMR,2011,55.581,9.4,8.2
Cameroon,CMR,2012,56.073,9.8,7.1
Cameroon,CMR,2013,56.576,10.2,6.8
Cameroon,CMR,2014,57.083,10.6,6.7
Cameroon,CMR,2015,57.583,11,6.7
Cameroon,CMR,2016,58.063,11.4,6.5
Canada,CAN,2001,79.341,21,2.5
Canada,CAN,2002,79.567,21.6,2.5
Canada,CAN,2003,79.793,22.2,2.5
Canada,CAN,2004,80.015,22.7,2.5
Canada,CAN,2005,80.235,23.3,2.5
Canada,CAN,2006,80.454,23.8,2.5
Canada,CAN,2007,80.675,24.4,2.5
Canada,CAN,2008,80.897,24.9,2.5
Canada,CAN,2009,81.114,25.5,2.5
Canada,CAN,2010,81.322,26,2.5
Canada,CAN,2011,81.51,26.6,2.5
Canada,CAN,2012,81.674,27.1,2.5
Canada,CAN,2013,81.812,27.7,2.5
Canada,CAN,2014,81.927,28.3,2.5
Canada,CAN,2015,82.026,28.8,2.5
Canada,CAN,2016,82.117,29.4,2.5
Cape Verde,CPV,2001,69.099,6.6,14.6
Cape Verde,CPV,2002,69.557,6.9,14.5
Cape Verde,CPV,2003,69.932,7.3,13.2
Cape Verde,CPV,2004,70.219,7.6,11.4
Cape Verde,CPV,2005,70.424,7.9,11.1
Cape Verde,CPV,2006,70.565,8.2,11.5
Cape Verde,CPV,2007,70.676,8.6,12.4
Cape Verde,CPV,2008,70.786,8.9,13.2
Cape Verde,CPV,2009,70.911,9.2,15.1
Cape Verde,CPV,2010,71.062,9.6,15.9
Cape Verde,CPV,2011,71.243,9.9,16.5
Cape Verde,CPV,2012,71.445,10.3,16.1
Cape Verde,CPV,2013,71.661,10.7,16.6
Cape Verde,CPV,2014,71.886,11,17.1
Cape Verde,CPV,2015,72.117,11.4,17.6
Cape Verde,CPV,2016,72.347,11.8,17.5
Chad,TCD,2001,47.789,3.1,39
Chad,TCD,2002,47.9,3.2,37.7
Chad,TCD,2003,48.057,3.4,38.1
Chad,TCD,2004,48.27,3.6,37.3
Chad,TCD,2005,48.549,3.7,37.9
Chad,TCD,2006,48.907,3.9,38.5
Chad,TCD,2007,49.335,4.1,39.3
Chad,TCD,2008,49.82,4.3,40.1
Chad,TCD,2009,50.346,4.5,40.3
Chad,TCD,2010,50.89,4.7,40.3
Chad,TCD,2011,51.424,4.9,39
Chad,TCD,2012,51.928,5.1,38.6
Chad,TCD,2013,52.386,5.3,36.9
Chad,TCD,2014,52.789,5.6,36.2
Chad,TCD,2015,53.137,5.8,35.4
Chad,TCD,2016,53.438,6.1,36.4
Chile,CHL,2001,76.634,21,3.5
Chile,CHL,2002,76.894,21.5,3.3
Chile,CHL,2003,77.146,21.9,3.2
Chile,CHL,2004,77.391,22.4,3.3
Chile,CHL,2005,77.63,22.8,3.1
Chile,CHL,2006,77.865,23.3,3.2
Chile,CHL,2007,78.099,23.7,3.1
Chile,CHL,2008,78.33,24.2,3.5
Chile,CHL,2009,78.558,24.7,3.7
Chile,CHL,2010,78.779,25.1,3.7
Chile,CHL,2011,78.986,25.6,3.5
Chile,CHL,2012,79.176,26.1,3.3
Chile,CHL,2013,79.349,26.5,3.2
Chile,CHL,2014,79.504,27,3.1
Chile,CHL,2015,79.646,27.5,3.1
Chile,CHL,2016,79.779,28,3.2
China,CHN,2001,71.732,2.5,10.7
China,CHN,2002,72.061,2.7,10.3
China,CHN,2003,72.381,2.8,9.7
China,CHN,2004,72.689,3,8.8
China,CHN,2005,72.985,3.2,8
China,CHN,2006,73.271,3.4,7.2
China,CHN,2007,73.553,3.7,6.2
China,CHN,2008,73.835,3.9,5.1
China,CHN,2009,74.119,4.1,4.1
China,CHN,2010,74.409,4.4,3
China,CHN,2011,74.708,4.7,2.5
China,CHN,2012,75.013,5,2.5
China,CHN,2013,75.321,5.2,2.5
China,CHN,2014,75.629,5.5,2.5
China,CHN,2015,75.928,5.9,2.5
China,CHN,2016,76.21,6.2,2.5
Colombia,COL,2001,73.241,15.7,8.8
Colombia,COL,2002,73.517,16.2,9.1
Colombia,COL,2003,73.777,16.6,9.8
Colombia,COL,2004,74.026,17,10.7
Colombia,COL,2005,74.265,17.4,11.3
Colombia,COL,2006,74.5,17.8,11.5
Colombia,COL,2007,74.732,18.2,11.1
Colombia,COL,2008,74.962,18.7,11.4
Colombia,COL,2009,75.193,19.1,11.9
Colombia,COL,2010,75.424,19.5,12.2
Colombia,COL,2011,75.655,20,11.3
Colombia,COL,2012,75.882,20.4,9.6
Colombia,COL,2013,76.105,20.9,8.4
Colombia,COL,2014,76.322,21.4,7.3
Colombia,COL,2015,76.531,21.9,6.6
Colombia,COL,2016,76.732,22.3,5.8
Congo,COG,2001,52.517,5.4,27.1
Congo,COG,2002,53.091,5.6,26.5
Congo,COG,2003,53.817,5.8,26.6
Congo,COG,2004,54.667,6.1,31.8
Congo,COG,2005,55.6,6.3,34.1
Congo,COG,2006,56.573,6.6,36.7
Congo,COG,2007,57.541,6.8,35.5
Congo,COG,2008,58.466,7.1,35.6
Congo,COG,2009,59.321,7.4,35.5
Congo,COG,2010,60.093,7.7,33.7
Congo,COG,2011,60.785,8,33
Congo,COG,2012,61.423,8.3,31.2
Congo,COG,2013,62.022,8.6,29.4
Congo,COG,2014,62.582,8.9,25.8
Congo,COG,2015,63.097,9.2,25.3
Congo,COG,2016,63.556,9.6,25.9
Costa Rica,CRI,2001,77.601,15.4,4.8
Costa Rica,CRI,2002,77.74,16,5.1
Costa Rica,CRI,2003,77.871,16.7,5.3
Costa Rica,CRI,2004,77.996,17.3,5.1
Costa Rica,CRI,2005,78.117,18,4.5
Costa Rica,CRI,2006,78.239,18.6,4
Costa Rica,CRI,2007,78.362,19.3,3.9
Costa Rica,CRI,2008,78.491,20,4
Costa Rica,CRI,2009,78.626,20.7,4.1
Costa Rica,CRI,2010,78.769,21.4,3.9
Costa Rica,CRI,2011,78.919,22.2,3.9
Costa Rica,CRI,2012,79.074,22.9,3.8
Costa Rica,CRI,2013,79.234,23.6,4.1
Costa Rica,CRI,2014,79.398,24.3,4.2
Costa Rica,CRI,2015,79.565,25,3.9
Costa Rica,CRI,2016,79.738,25.7,3.5
Croatia,HRV,2001,74.881,17.9,6.9
Croatia,HRV,2002,74.972,18.3,4.7
Croatia,HRV,2003,75.091,18.6,3.7
Croatia,HRV,2004,75.247,19,3.1
Croatia,HRV,2005,75.447,19.4,2.5
Croatia,HRV,2006,75.688,19.8,2.5
Croatia,HRV,2007,75.956,20.2,2.5
Croatia,HRV,2008,76.236,20.7,2.5
Croatia,HRV,2009,76.52,21.1,2.5
Croatia,HRV,2010,76.797,21.6,2.5
Croatia,HRV,2011,77.059,22,2.5
Croatia,HRV,2012,77.301,22.5,2.5
Croatia,HRV,2013,77.521,22.9,2.5
Croatia,HRV,2014,77.717,23.4,2.5
Croatia,HRV,2015,77.892,23.9,2.5
Croatia,HRV,2016,78.049,24.4,2.5
Cuba,CUB,2001,76.905,17.7,2.5
Cuba,CUB,2002,77.105,18.2,2.5
Cuba,CUB,2003,77.303,18.6,2.5
Cuba,CUB,2004,77.499,19,2.5
Cuba,CUB,2005,77.688,19.4,2.5
Cuba,CUB,2006,77.864,19.9,2.5
Cuba,CUB,2007,78.019,20.3,2.5
Cuba,CUB,2008,78.15,20.8,2.5
Cuba,CUB,2009,78.256,21.2,2.5
Cuba,CUB,2010,78.338,21.7,2.5
Cuba,CUB,2011,78.4,22.2,2.5
Cuba,CUB,2012,78.446,22.6,2.5
Cuba,CUB,2013,78.485,23.1,2.5
Cuba,CUB,2014,78.521,23.6,2.5
Cuba,CUB,2015,78.561,24.1,2.5
Cuba,CUB,2016,78.607,24.6,2.5
Cyprus,CYP,2001,78.139,16.8,5.2
Cyprus,CYP,2002,78.264,17.1,5.8
Cyprus,CYP,2003,78.385,17.5,6.2
Cyprus,CYP,2004,78.506,17.8,7
Cyprus,CYP,2005,78.63,18.2,7.7
Cyprus,CYP,2006,78.764,18.5,7.6
Cyprus,CYP,2007,78.91,18.8,7
Cyprus,CYP,2008,79.071,19.1,6.5
Cyprus,CYP,2009,79.245,19.4,6.4
Cyprus,CYP,2010,79.43,19.8,6.3
Cyprus,CYP,2011,79.621,20.1,6.2
Cyprus,CYP,2012,79.812,20.4,6.3
Cyprus,CYP,2013,79.999,20.7,6.6
Cyprus,CYP,2014,80.178,21.1,6.9
Cyprus,CYP,2015,80.35,21.4,7.3
Cyprus,CYP,2016,80.513,21.8,7.3
Czechia,CZE,2001,75.167,21.2,2.5
Czechia,CZE,2002,75.434,21.5,2.5
Czechia,CZE,2003,75.707,21.7,2.5
Czechia,CZE,2004,75.987,22,2.5
Czechia,CZE,2005,76.272,22.3,2.5
Czechia,CZE,2006,76.557,22.6,2.5
Czechia,CZE,2007,76.837,22.9,2.5
Czechia,CZE,2008,77.107,23.2,2.5
Czechia,CZE,2009,77.365,23.6,2.5
Czechia,CZE,2010,77.61,23.9,2.5
Czechia,CZE,2011,77.843,24.2,2.5
Czechia,CZE,2012,78.067,24.5,2.5
Czechia,CZE,2013,78.283,24.9,2.5
Czechia,CZE,2014,78.492,25.2,2.5
Czechia,CZE,2015,78.692,25.6,2.5
Czechia,CZE,2016,78.881,26,2.5
Denmark,DNK,2001,76.953,14.4,2.5
Denmark,DNK,2002,77.195,14.7,2.5
Denmark,DNK,2003,77.439,15,2.5
Denmark,DNK,2004,77.684,15.3,2.5
Denmark,DNK,2005,77.936,15.7,2.5
Denmark,DNK,2006,78.204,16,2.5
Denmark,DNK,2007,78.49,16.4,2.5
Denmark,DNK,2008,78.793,16.7,2.5
Denmark,DNK,2009,79.107,17.1,2.5
Denmark,DNK,2010,79.416,17.4,2.5
Denmark,DNK,2011,79.704,17.8,2.5
Denmark,DNK,2012,79.958,18.1,2.5
Denmark,DNK,2013,80.171,18.5,2.5
Denmark,DNK,2014,80.342,18.9,2.5
Denmark,DNK,2015,80.475,19.3,2.5
Denmark,DNK,2016,80.583,19.7,2.5
Dominica,DMA,2001,74.547,19.9,3.8
Dominica,DMA,2002,74.655,20.3,4.1
Dominica,DMA,2003,74.749,20.8,4.7
Dominica,DMA,2004,74.82,21.3,5
Dominica,DMA,2005,74.853,21.8,5.5
Dominica,DMA,2006,74.83,22.3,5
Dominica,DMA,2007,74.746,22.9,4.6
Dominica,DMA,2008,74.612,23.4,4.1
Dominica,DMA,2009,74.441,23.9,4.4
Dominica,DMA,2010,74.262,24.5,4.7
Dominica,DMA,2011,74.111,25,5
Dominica,DMA,2012,74.017,25.6,5.1
Dominica,DMA,2013,73.998,26.2,5.2
Dominica,DMA,2014,74.059,26.8,5.3
Dominica,DMA,2015,74.194,27.3,5.3
Dominica,DMA,2016,74.384,27.9,5.4
Dominican Republic,DOM,2001,69.69,16.6,20.6
Dominican Republic,DOM,2002,69.957,17.2,22.7
Dominican Republic,DOM,2003,70.227,17.9,23.7
Dominican Republic,DOM,2004,70.499,18.6,23.2
Dominican Republic,DOM,2005,70.771,19.3,19.3
Dominican Republic,DOM,2006,71.041,20,16.5
Dominican Republic,DOM,2007,71.304,20.7,16.3
Dominican Republic,DOM,2008,71.559,21.5,16.2
Dominican Republic,DOM,2009,71.806,22.2,14.8
Dominican Republic,DOM,2010,72.046,23,12.4
Dominican Republic,DOM,2011,72.284,23.8,10.4
Dominican Republic,DOM,2012,72.523,24.5,9.8
Dominican Republic,DOM,2013,72.763,25.3,9
Dominican Republic,DOM,2014,73.003,26.1,8.5
Dominican Republic,DOM,2015,73.241,26.9,7.6
Dominican Republic,DOM,2016,73.471,27.6,7
Ecuador,ECU,2001,73.078,13.6,21.2
Ecuador,ECU,2002,73.371,14,22.9
Ecuador,ECU,2003,73.641,14.4,22.9
Ecuador,ECU,2004,73.887,14.8,22.9
Ecuador,ECU,2005,74.112,15.2,22.5
Ecuador,ECU,2006,74.319,15.6,22.9
Ecuador,ECU,2007,74.514,16,22.2
Ecuador,ECU,2008,74.705,16.4,21.4
Ecuador,ECU,2009,74.895,16.8,19.3
Ecuador,ECU,2010,75.089,17.2,18.3
Ecuador,ECU,2011,75.289,17.6,17.6
Ecuador,ECU,2012,75.495,18.1,17.6
Ecuador,ECU,2013,75.707,18.5,14.9
Ecuador,ECU,2014,75.923,19,11.7
Ecuador,ECU,2015,76.143,19.4,8.8
Ecuador,ECU,2016,76.365,19.9,8.9
Egypt,EGY,2001,68.796,22.7,5.3
Egypt,EGY,2002,68.961,23.3,5.5
Egypt,EGY,2003,69.116,23.8,6
Egypt,EGY,2004,69.271,24.4,6.4
Egypt,EGY,2005,69.434,24.9,6.5
Egypt,EGY,2006,69.608,25.5,6.1
Egypt,EGY,2007,69.788,26.1,5.8
Egypt,EGY,2008,69.971,26.7,5.7
Egypt,EGY,2009,70.159,27.4,5.5
Egypt,EGY,2010,70.349,28,5.4
Egypt,EGY,2011,70.543,28.6,5.1
Egypt,EGY,2012,70.736,29.3,5.2
Egypt,EGY,2013,70.928,30,5
Egypt,EGY,2014,71.117,30.6,4.8
Egypt,EGY,2015,71.302,31.3,4.6
Egypt,EGY,2016,71.482,32,4.7
El Salvador,SLV,2001,69.162,16.1,7.3
El Salvador,SLV,2002,69.432,16.7,7.2
El Salvador,SLV,2003,69.68,17.3,8
El Salvador,SLV,2004,69.908,17.8,8.8
El Salvador,SLV,2005,70.124,18.4,9.3
El Salvador,SLV,2006,70.333,18.9,9.5
El Salvador,SLV,2007,70.542,19.5,9.8
El Salvador,SLV,2008,70.756,20,10
El Salvador,SLV,2009,70.978,20.6,10.6
El Salvador,SLV,2010,71.21,21.1,11
El Salvador,SLV,2011,71.449,21.7,11.2
El Salvador,SLV,2012,71.692,22.2,10.6
El Salvador,SLV,2013,71.935,22.8,10.6
El Salvador,SLV,2014,72.175,23.4,10.7
El Salvador,SLV,2015,72.412,24,10.7
El Salvador,SLV,2016,72.644,24.6,10.1
Estonia,EST,2001,70.845,17.6,3.6
Estonia,EST,2002,71.285,17.8,3.5
Estonia,EST,2003,71.728,18,3.4
Estonia,EST,2004,72.169,18.2,2.9
Estonia,EST,2005,72.62,18.4,2.5
Estonia,EST,2006,73.094,18.6,2.5
Estonia,EST,2007,73.603,18.9,2.5
Estonia,EST,2008,74.148,19.1,2.5
Estonia,EST,2009,74.723,19.4,2.5
Estonia,EST,2010,75.311,19.6,2.5
Estonia,EST,2011,75.893,19.9,2.5
Estonia,EST,2012,76.446,20.1,2.5
Estonia,EST,2013,76.953,20.4,2.5
Estonia,EST,2014,77.401,20.7,2.5
Estonia,EST,2015,77.783,20.9,2.5
Estonia,EST,2016,78.097,21.2,2.5
Eswatini,SWZ,2001,45.799,11.1,10.7
Eswatini,SWZ,2002,44.41,11.4,9.9
Eswatini,SWZ,2003,43.372,11.7,8.5
Eswatini,SWZ,2004,42.731,12,8.5
Eswatini,SWZ,2005,42.518,12.4,9.4
Eswatini,SWZ,2006,42.733,12.7,10.3
Eswatini,SWZ,2007,43.308,13.1,10.9
Eswatini,SWZ,2008,44.17,13.4,11.1
Eswatini,SWZ,2009,45.275,13.8,10.7
Eswatini,SWZ,2010,46.601,14.1,9.9
Eswatini,SWZ,2011,48.141,14.5,8.9
Eswatini,SWZ,2012,49.862,14.9,8.1
Eswatini,SWZ,2013,51.699,15.3,10.9
Eswatini,SWZ,2014,53.569,15.7,13.8
Eswatini,SWZ,2015,55.359,16.1,17
Eswatini,SWZ,2016,56.962,16.5,16.8
Ethiopia,ETH,2001,52.595,2,47.1
Ethiopia,ETH,2002,53.349,2.2,44.3
Ethiopia,ETH,2003,54.211,2.3,42.7
Ethiopia,ETH,2004,55.174,2.4,39.2
Ethiopia,ETH,2005,56.223,2.5,37.2
Ethiopia,ETH,2006,57.334,2.7,35.8
Ethiopia,ETH,2007,58.467,2.8,35.3
Ethiopia,ETH,2008,59.581,2.9,33.9
Ethiopia,ETH,2009,60.645,3.1,31.8
Ethiopia,ETH,2010,61.627,3.3,30.7
Ethiopia,ETH,2011,62.505,3.4,30.1
Ethiopia,ETH,2012,63.281,3.6,29.9
Ethiopia,ETH,2013,63.961,3.8,27.5
Ethiopia,ETH,2014,64.547,4,24.8
Ethiopia,ETH,2015,65.048,4.3,21.5
Ethiopia,ETH,2016,65.482,4.5,20.6
Europe,,2001,73.527,17.5,2.5
Europe,,2002,73.709,17.9,2.5
Europe,,2003,73.924,18.2,2.5
Europe,,2004,74.173,18.6,2.5
Europe,,2005,74.457,18.9,2.5
Europe,,2006,74.778,19.3,2.5
Europe,,2007,75.129,19.7,2.5
Europe,,2008,75.501,20,2.5
Europe,,2009,75.884,20.4,2.5
Europe,,2010,76.265,20.8,2.5
Europe,,2011,76.634,21.2,2.5
Europe,,2012,76.981,21.6,2.5
Europe,,2013,77.301,22,2.5
Europe,,2014,77.588,22.4,2.5
Europe,,2015,77.839,22.9,2.5
Europe,,2016,78.057,23.3,2.5
Fiji,FJI,2001,65.863,21.5,4
Fiji,FJI,2002,66.022,22.1,3.9
Fiji,FJI,2003,66.152,22.6,4
Fiji,FJI,2004,66.247,23.2,3.9
Fiji,FJI,2005,66.313,23.7,3.8
Fiji,FJI,2006,66.362,24.3,3.8
Fiji,FJI,2007,66.413,24.8,3.8
Fiji,FJI,2008,66.477,25.4,4
Fiji,FJI,2009,66.559,26,4
Fiji,FJI,2010,66.655,26.5,4
Fiji,FJI,2011,66.759,27.1,3.8
Fiji,FJI,2012,66.859,27.7,3.5
Fiji,FJI,2013,66.95,28.3,3.6
Fiji,FJI,2014,67.03,28.9,3.9
Fiji,FJI,2015,67.103,29.5,4.1
Fiji,FJI,2016,67.175,30.2,4
Finland,FIN,2001,78.028,16.7,2.5
Finland,FIN,2002,78.272,17.1,2.5
Finland,FIN,2003,78.51,17.5,2.5
Finland,FIN,2004,78.745,17.8,2.5
Finland,FIN,2005,78.977,18.2,2.5
Finland,FIN,2006,79.208,18.5,2.5
Finland,FIN,2007,79.44,18.9,2.5
Finland,FIN,2008,79.672,19.3,2.5
Finland,FIN,2009,79.906,19.6,2.5
Finland,FIN,2010,80.137,20,2.5
Finland,FIN,2011,80.365,20.3,2.5
Finland,FIN,2012,80.586,20.7,2.5
Finland,FIN,2013,80.799,21.1,2.5
Finland,FIN,2014,81.002,21.4,2.5
Finland,FIN,2015,81.196,21.8,2.5
Finland,FIN,2016,81.382,22.2,2.5
France,FRA,2001,79.246,16.2,2.5
France,FRA,2002,79.496,16.5,2.5
France,FRA,2003,79.755,16.9,2.5
France,FRA,2004,80.021,17.2,2.5
France,FRA,2005,80.291,17.6,2.5
France,FRA,2006,80.558,17.9,2.5
France,FRA,2007,80.819,18.3,2.5
France,FRA,2008,81.067,18.6,2.5
France,FRA,2009,81.299,19,2.5
France,FRA,2010,81.508,19.3,2.5
France,FRA,2011,81.692,19.7,2.5
France,FRA,2012,81.852,20.1,2.5
France,FRA,2013,81.992,20.4,2.5
France,FRA,2014,82.114,20.8,2.5
France,FRA,2015,82.224,21.2,2.5
France,FRA,2016,82.328,21.6,2.5
Gabon,GAB,2001,57.968,9.6,10.8
Gabon,GAB,2002,57.791,10,12.3
Gabon,GAB,2003,57.759,10.3,13.5
Gabon,GAB,2004,57.885,10.7,14
Gabon,GAB,2005,58.181,11.1,14.5
Gabon,GAB,2006,58.641,11.4,14.9
Gabon,GAB,2007,59.229,11.8,16.1
Gabon,GAB,2008,59.904,12.1,16.9
Gabon,GAB,2009,60.637,12.5,17.5
Gabon,GAB,2010,61.4,12.8,17.3
Gabon,GAB,2011,62.168,13.2,17.3
Gabon,GAB,2012,62.924,13.5,17.5
Gabon,GAB,2013,63.648,13.9,16.2
Gabon,GAB,2014,64.318,14.3,14.9
Gabon,GAB,2015,64.913,14.6,14.1
Gabon,GAB,2016,65.418,15,15.1
Gambia,GMB,2001,56.359,5,18
Gambia,GMB,2002,56.761,5.3,19.8
Gambia,GMB,2003,57.159,5.6,20.7
Gambia,GMB,2004,57.553,5.9,20.9
Gambia,GMB,2005,57.939,6.3,21.9
Gambia,GMB,2006,58.313,6.6,20.9
Gambia,GMB,2007,58.671,6.9,18.9
Gambia,GMB,2008,59.012,7.3,15.9
Gambia,GMB,2009,59.334,7.6,14.4
Gambia,GMB,2010,59.637,8,13.2
Gambia,GMB,2011,59.917,8.4,12.8
Gambia,GMB,2012,60.178,8.7,13.2
Gambia,GMB,2013,60.426,9.1,12.6
Gambia,GMB,2014,60.667,9.5,12.2
Gambia,GMB,2015,60.91,9.9,11.6
Gambia,GMB,2016,61.166,10.3,12
Georgia,GEO,2001,70.065,14.1,7.8
Georgia,GEO,2002,70.22,14.5,6
Georgia,GEO,2003,70.349,14.9,4.9
Georgia,GEO,2004,70.451,15.3,4.1
Georgia,GEO,2005,70.538,15.7,4.2
Georgia,GEO,2006,70.635,16.1,4.1
Georgia,GEO,2007,70.765,16.6,4
Georgia,GEO,2008,70.946,17.1,3.6
Georgia,GEO,2009,71.18,17.6,3.7
Georgia,GEO,2010,71.46,18.2,4.3
Georgia,GEO,2011,71.773,18.7,4.6
Georgia,GEO,2012,72.097,19.3,4.3
Georgia,GEO,2013,72.412,19.9,4.6
Georgia,GEO,2014,72.707,20.5,5.2
Georgia,GEO,2015,72.973,21.1,5.9
Georgia,GEO,2016,73.207,21.7,6.2
Germany,DEU,2001,78.245,16.6,2.5
Germany,DEU,2002,78.502,17,2.5
Germany,DEU,2003,78.752,17.3,2.5
Germany,DEU,2004,78.993,17.7,2.5
Germany,DEU,2005,79.222,18,2.5
Germany,DEU,2006,79.435,18.4,2.5
Germany,DEU,2007,79.631,18.8,2.5
Germany,DEU,2008,79.81,19.2,2.5
Germany,DEU,2009,79.974,19.5,2.5
Germany,DEU,2010,80.124,19.9,2.5
Germany,DEU,2011,80.261,20.3,2.5
Germany,DEU,2012,80.391,20.7,2.5
Germany,DEU,2013,80.517,21.1,2.5
Germany,DEU,2014,80.642,21.5,2.5
Germany,DEU,2015,80.77,21.9,2.5
Germany,DEU,2016,80.902,22.3,2.5
Ghana,GHA,2001,57.158,5.8,15
Ghana,GHA,2002,57.425,6.1,13.6
Ghana,GHA,2003,57.785,6.4,12.8
Ghana,GHA,2004,58.225,6.7,12.3
Ghana,GHA,2005,58.719,7,11.4
Ghana,GHA,2006,59.234,7.4,10.7
Ghana,GHA,2007,59.741,7.7,9.5
Ghana,GHA,2008,60.216,8,8.3
Ghana,GHA,2009,60.645,8.4,6.8
Ghana,GHA,2010,61.03,8.7,6.7
Ghana,GHA,2011,61.381,9.1,6.8
Ghana,GHA,2012,61.72,9.4,7.3
Ghana,GHA,2013,62.064,9.8,7.2
Ghana,GHA,2014,62.416,10.1,7.5
Ghana,GHA,2015,62.772,10.5,7.7
Ghana,GHA,2016,63.124,10.9,7.5
Greece,GRC,2001,78.789,18.9,2.5
Greece,GRC,2002,78.992,19.3,2.5
Greece,GRC,2003,79.189,19.6,2.5
Greece,GRC,2004,79.378,20,2.5
Greece,GRC,2005,79.563,20.4,2.5
Greece,GRC,2006,79.746,20.8,2.5
Greece,GRC,2007,79.934,21.2,2.5
Greece,GRC,2008,80.13,21.6,2.5
Greece,GRC,2009,80.333,22,2.5
Greece,GRC,2010,80.542,22.4,2.5
Greece,GRC,2011,80.754,22.8,2.5
Greece,GRC,2012,80.963,23.2,2.5
Greece,GRC,2013,81.166,23.6,2.5
Greece,GRC,2014,81.361,24,2.5
Greece,GRC,2015,81.548,24.4,2.5
Greece,GRC,2016,81.727,24.9,2.5
Guatemala,GTM,2001,68.304,13.4,22.4
Guatemala,GTM,2002,68.717,13.9,20
Guatemala,GTM,2003,69.092,14.3,19
Guatemala,GTM,2004,69.437,14.8,19.3
Guatemala,GTM,2005,69.762,15.3,19
Guatemala,GTM,2006,70.082,15.8,17.9
Guatemala,GTM,2007,70.409,16.3,18.4
Guatemala,GTM,2008,70.75,16.8,18
Guatemala,GTM,2009,71.108,17.3,18.3
Guatemala,GTM,2010,71.481,17.8,17.1
Guatemala,GTM,2011,71.861,18.4,17.7
Guatemala,GTM,2012,72.236,18.9,18
Guatemala,GTM,2013,72.596,19.5,18.5
Guatemala,GTM,2014,72.935,20,17.7
Guatemala,GTM,2015,73.25,20.6,16.9
Guatemala,GTM,2016,73.541,21.2,16.2
Guyana,GUY,2001,65.532,12.4,6.7
Guyana,GUY,2002,65.828,12.8,6.6
Guyana,GUY,2003,66.122,13.3,6.9
Guyana,GUY,2004,66.412,13.8,7
Guyana,GUY,2005,66.694,14.3,7.2
Guyana,GUY,2006,66.972,14.8,7.2
Guyana,GUY,2007,67.247,15.3,7.6
Guyana,GUY,2008,67.521,15.8,7.7
Guyana,GUY,2009,67.792,16.3,7.8
Guyana,GUY,2010,68.059,16.8,7.4
Guyana,GUY,2011,68.321,17.4,6.7
Guyana,GUY,2012,68.575,17.9,6
Guyana,GUY,2013,68.819,18.4,6.3
Guyana,GUY,2014,69.049,19,6.5
Guyana,GUY,2015,69.262,19.6,6.9
Guyana,GUY,2016,69.454,20.2,6.1
Haiti,HTI,2001,57.382,11.5,53.2
Haiti,HTI,2002,57.655,12,54.7
Haiti,HTI,2003,57.959,12.6,55.1
Haiti,HTI,2004,58.292,13.3,55.7
Haiti,HTI,2005,58.652,13.9,55
Haiti,HTI,2006,59.028,14.7,54.2
Haiti,HTI,2007,59.408,15.4,52.7
Haiti,HTI,2008,59.782,16.2,51.4
Haiti,HTI,2009,60.148,16.9,49
Haiti,HTI,2010,60.511,17.7,48.2
Haiti,HTI,2011,60.879,18.6,48.1
Haiti,HTI,2012,61.26,19.4,49.4
Haiti,HTI,2013,61.658,20.2,48.9
Haiti,HTI,2014,62.069,21,48.3
Haiti,HTI,2015,62.485,21.8,47.8
Haiti,HTI,2016,62.896,22.7,47.8
Honduras,HND,2001,70.976,13.1,22
Honduras,HND,2002,71.249,13.5,21.3
Honduras,HND,2003,71.511,14,21.8
Honduras,HND,2004,71.77,14.5,22.3
Honduras,HND,2005,72.026,15,22.4
Honduras,HND,2006,72.285,15.6,21.9
Honduras,HND,2007,72.544,16.1,21.2
Honduras,HND,2008,72.803,16.7,20.9
Honduras,HND,2009,73.061,17.2,21.1
Honduras,HND,2010,73.317,17.8,21.2
Honduras,HND,2011,73.569,18.4,21.1
Honduras,HND,2012,73.814,19,20.8
Honduras,HND,2013,74.051,19.5,19.3
Honduras,HND,2014,74.278,20.1,17.3
Honduras,HND,2015,74.495,20.8,14.9
Honduras,HND,2016,74.701,21.4,14.1
Hungary,HUN,2001,72.044,19.9,2.5
Hungary,HUN,2002,72.347,20.2,2.5
Hungary,HUN,2003,72.63,20.5,2.5
Hungary,HUN,2004,72.896,20.9,2.5
Hungary,HUN,2005,73.149,21.3,2.5
Hungary,HUN,2006,73.397,21.7,2.5
Hungary,HUN,2007,73.651,22.2,2.5
Hungary,HUN,2008,73.916,22.6,2.5
Hungary,HUN,2009,74.195,23.1,2.5
Hungary,HUN,2010,74.488,23.5,2.5
Hungary,HUN,2011,74.795,24,2.5
Hungary,HUN,2012,75.107,24.5,2.5
Hungary,HUN,2013,75.418,25,2.5
Hungary,HUN,2014,75.72,25.4,2.5
Hungary,HUN,2015,76.006,25.9,2.5
Hungary,HUN,2016,76.266,26.4,2.5
Iceland,ISL,2001,80.183,16.4,2.5
Iceland,ISL,2002,80.466,16.8,2.5
Iceland,ISL,2003,80.716,17.1,2.5
Iceland,ISL,2004,80.927,17.5,2.5
Iceland,ISL,2005,81.099,17.8,2.5
Iceland,ISL,2006,81.244,18.2,2.5
Iceland,ISL,2007,81.377,18.5,2.5
Iceland,ISL,2008,81.512,18.9,2.5
Iceland,ISL,2009,81.654,19.2,2.5
Iceland,ISL,2010,81.801,19.6,2.5
Iceland,ISL,2011,81.951,20,2.5
Iceland,ISL,2012,82.095,20.3,2.5
Iceland,ISL,2013,82.231,20.7,2.5
Iceland,ISL,2014,82.359,21.1,2.5
Iceland,ISL,2015,82.481,21.5,2.5
Iceland,ISL,2016,82.601,21.9,2.5
India,IND,2001,62.907,1.7,18.6
India,IND,2002,63.304,1.8,20.2
India,IND,2003,63.699,1.9,21.7
India,IND,2004,64.095,2,22.2
India,IND,2005,64.5,2.1,21.7
India,IND,2006,64.918,2.3,19.8
India,IND,2007,65.35,2.4,17.6
India,IND,2008,65.794,2.5,16.7
India,IND,2009,66.244,2.7,16.4
India,IND,2010,66.693,2.8,16.3
India,IND,2011,67.13,3,16.3
India,IND,2012,67.545,3.1,16.3
India,IND,2013,67.931,3.3,15.9
India,IND,2014,68.286,3.5,15.3
India,IND,2015,68.607,3.7,14.7
India,IND,2016,68.897,3.9,14.4
Indonesia,IDN,2001,66.037,2.8,19.3
Indonesia,IDN,2002,66.321,3,19.2
Indonesia,IDN,2003,66.631,3.2,19
Indonesia,IDN,2004,66.969,3.4,19.1
Indonesia,IDN,2005,67.334,3.6,19.3
Indonesia,IDN,2006,67.717,3.8,19.1
Indonesia,IDN,2007,68.105,4.1,18.5
Indonesia,IDN,2008,68.485,4.3,17.4
Indonesia,IDN,2009,68.853,4.6,15.5
Indonesia,IDN,2010,69.205,4.9,12.9
Indonesia,IDN,2011,69.542,5.2,10.5
Indonesia,IDN,2012,69.866,5.5,9.3
Indonesia,IDN,2013,70.179,5.8,8.9
Indonesia,IDN,2014,70.481,6.1,9.3
Indonesia,IDN,2015,70.768,6.5,9.3
Indonesia,IDN,2016,71.035,6.9,9.2
Iran,IRN,2001,70.553,17.1,4.8
Iran,IRN,2002,70.921,17.6,5.1
Iran,IRN,2003,71.265,18,5
Iran,IRN,2004,71.592,18.6,5
Iran,IRN,2005,71.917,19.1,5.2
Iran,IRN,2006,72.257,19.7,5.5
Iran,IRN,2007,72.626,20.3,5.8
Iran,IRN,2008,73.027,20.9,5.5
Iran,IRN,2009,73.457,21.5,5.1
Iran,IRN,2010,73.905,22.1,4.9
Iran,IRN,2011,74.352,22.7,4.8
Iran,IRN,2012,74.776,23.3,4.8
Iran,IRN,2013,75.162,24,4.8
Iran,IRN,2014,75.502,24.6,4.8
Iran,IRN,2015,75.796,25.2,4.9
Iran,IRN,2016,76.047,25.8,4.9
Iraq,IRQ,2001,68.983,22.6,22.6
Iraq,IRQ,2002,68.827,23,22.8
Iraq,IRQ,2003,68.636,23.5,23.2
Iraq,IRQ,2004,68.437,23.9,23.9
Iraq,IRQ,2005,68.266,24.4,23.9
Iraq,IRQ,2006,68.157,24.9,25.2
Iraq,IRQ,2007,68.13,25.4,25.7
Iraq,IRQ,2008,68.19,25.9,25
Iraq,IRQ,2009,68.34,26.4,23.3
Iraq,IRQ,2010,68.567,26.9,21.9
Iraq,IRQ,2011,68.848,27.5,21.5
Iraq,IRQ,2012,69.148,28,21.8
Iraq,IRQ,2013,69.437,28.6,22.1
Iraq,IRQ,2014,69.7,29.2,22.7
Iraq,IRQ,2015,69.929,29.8,23.6
Iraq,IRQ,2016,70.122,30.4,24
Ireland,IRL,2001,77.227,16.5,2.5
Ireland,IRL,2002,77.627,17,2.5
Ireland,IRL,2003,78.035,17.6,2.5
Ireland,IRL,2004,78.439,18.1,2.5
Ireland,IRL,2005,78.822,18.7,2.5
Ireland,IRL,2006,79.168,19.3,2.5
Ireland,IRL,2007,79.475,19.8,2.5
Ireland,IRL,2008,79.743,20.4,2.5
Ireland,IRL,2009,79.975,21,2.5
Ireland,IRL,2010,80.182,21.6,2.5
Ireland,IRL,2011,80.382,22.2,2.5
Ireland,IRL,2012,80.593,22.8,2.5
Ireland,IRL,2013,80.823,23.4,2.5
Ireland,IRL,2014,81.076,24,2.5
Ireland,IRL,2015,81.344,24.7,2.5
Ireland,IRL,2016,81.615,25.3,2.5
Israel,ISR,2001,79.173,21.4,2.5
Israel,ISR,2002,79.44,21.7,2.5
Israel,ISR,2003,79.714,22.1,2.5
Israel,ISR,2004,79.992,22.4,2.5
Israel,ISR,2005,80.269,22.7,2.5
Israel,ISR,2006,80.538,23,2.5
Israel,ISR,2007,80.794,23.3,2.5
Israel,ISR,2008,81.035,23.6,2.5
Israel,ISR,2009,81.258,23.9,2.5
Israel,ISR,2010,81.463,24.2,2.5
Israel,ISR,2011,81.653,24.5,2.5
Israel,ISR,2012,81.833,24.8,2.5
Israel,ISR,2013,82.006,25.1,2.5
Israel,ISR,2014,82.175,25.5,2.5
Israel,ISR,2015,82.34,25.8,2.5
Israel,ISR,2016,82.503,26.1,2.5
Italy,ITA,2001,79.852,15.3,2.5
Italy,ITA,2002,80.145,15.6,2.5
Italy,ITA,2003,80.428,15.9,2.5
Italy,ITA,2004,80.698,16.2,2.5
Italy,ITA,2005,80.951,16.5,2.5
Italy,ITA,2006,81.185,16.9,2.5
Italy,ITA,2007,81.4,17.2,2.5
Italy,ITA,2008,81.598,17.5,2.5
Italy,ITA,2009,81.783,17.8,2.5
Italy,ITA,2010,81.958,18.1,2.5
Italy,ITA,2011,82.128,18.3,2.5
Italy,ITA,2012,82.298,18.7,2.5
Italy,ITA,2013,82.471,19,2.5
Italy,ITA,2014,82.648,19.3,2.5
Italy,ITA,2015,82.828,19.6,2.5
Italy,ITA,2016,83.008,19.9,2.5
Jamaica,JAM,2001,74.139,16.4,7.5
Jamaica,JAM,2002,74.14,16.9,7
Jamaica,JAM,2003,74.142,17.4,7.1
Jamaica,JAM,2004,74.146,17.9,7.2
Jamaica,JAM,2005,74.148,18.4,7.5
Jamaica,JAM,2006,74.143,18.9,7.8
Jamaica,JAM,2007,74.129,19.5,8.4
Jamaica,JAM,2008,74.103,20,9.1
Jamaica,JAM,2009,74.071,20.6,9.6
Jamaica,JAM,2010,74.038,21.1,9.7
Jamaica,JAM,2011,74.012,21.7,9.9
Jamaica,JAM,2012,74.001,22.3,10.2
Jamaica,JAM,2013,74.01,22.9,10.2
Jamaica,JAM,2014,74.042,23.5,9.8
Jamaica,JAM,2015,74.098,24.1,9.7
Jamaica,JAM,2016,74.175,24.7,9.4
Japan,JPN,2001,81.422,2.2,2.5
Japan,JPN,2002,81.661,2.2,2.5
Japan,JPN,2003,81.883,2.4,2.5
Japan,JPN,2004,82.087,2.5,2.5
Japan,JPN,2005,82.27,2.6,2.5
Japan,JPN,2006,82.431,2.7,2.5
Japan,JPN,2007,82.575,2.9,2.5
Japan,JPN,2008,82.709,3,2.5
Japan,JPN,2009,82.838,3.2,2.7
Japan,JPN,2010,82.971,3.3,2.7
Japan,JPN,2011,83.118,3.5,2.5
Japan,JPN,2012,83.283,3.6,2.5
Japan,JPN,2013,83.467,3.8,2.5
Japan,JPN,2014,83.668,3.9,2.5
Japan,JPN,2015,83.879,4.1,2.5
Japan,JPN,2016,84.09,4.3,2.5
Jordan,JOR,2001,71.907,26.9,9.8
Jordan,JOR,2002,72.083,27.5,7.8
Jordan,JOR,2003,72.256,28.1,6.5
Jordan,JOR,2004,72.427,28.6,5.8
Jordan,JOR,2005,72.595,29.2,5.6
Jordan,JOR,2006,72.763,29.7,5.8
Jordan,JOR,2007,72.931,30.3,6.2
Jordan,JOR,2008,73.099,30.8,6.7
Jordan,JOR,2009,73.266,31.4,7
Jordan,JOR,2010,73.428,31.9,7.2
Jordan,JOR,2011,73.581,32.5,7.7
Jordan,JOR,2012,73.722,33.1,8.6
Jordan,JOR,2013,73.851,33.7,8.9
Jordan,JOR,2014,73.969,34.3,9
Jordan,JOR,2015,74.078,34.9,8.5
Jordan,JOR,2016,74.184,35.5,8.6
Kazakhstan,KAZ,2001,63.79,14.4,6.6
Kazakhstan,KAZ,2002,64.157,14.7,6.7
Kazakhstan,KAZ,2003,64.525,15.1,7.2
Kazakhstan,KAZ,2004,64.876,15.5,7.5
Kazakhstan,KAZ,2005,65.211,15.9,7.4
Kazakhstan,KAZ,2006,65.543,16.3,6.4
Kazakhstan,KAZ,2007,65.906,16.7,5.1
Kazakhstan,KAZ,2008,66.325,17.1,4.3
Kazakhstan,KAZ,2009,66.81,17.6,4
Kazakhstan,KAZ,2010,67.378,18,3.6
Kazakhstan,KAZ,2011,68.047,18.5,3.2
Kazakhstan,KAZ,2012,68.805,19,2.8
Kazakhstan,KAZ,2013,69.628,19.5,2.8
Kazakhstan,KAZ,2014,70.483,20,2.5
Kazakhstan,KAZ,2015,71.319,20.5,2.5
Kazakhstan,KAZ,2016,72.081,21,2.5
Kenya,KEN,2001,51.101,3.4,32.4
Kenya,KEN,2002,51.606,3.6,33.8
Kenya,KEN,2003,52.41,3.8,35.1
Kenya,KEN,2004,53.475,4,32.2
Kenya,KEN,2005,54.732,4.2,28.7
Kenya,KEN,2006,56.093,4.4,26.3
Kenya,KEN,2007,57.463,4.6,27.1
Kenya,KEN,2008,58.76,4.9,26.9
Kenya,KEN,2009,59.932,5.1,26
Kenya,KEN,2010,60.959,5.4,24.6
Kenya,KEN,2011,61.851,5.6,24.1
Kenya,KEN,2012,62.659,5.9,23.2
Kenya,KEN,2013,63.419,6.2,22.2
Kenya,KEN,2014,64.135,6.5,21.5
Kenya,KEN,2015,64.798,6.8,22.3
Kenya,KEN,2016,65.393,7.1,23.4
Kiribati,KIR,2001,63.446,35.8,4.4
Kiribati,KIR,2002,63.731,36.6,4.5
Kiribati,KIR,2003,63.995,37.4,4.9
Kiribati,KIR,2004,64.242,38.2,4.9
Kiribati,KIR,2005,64.478,38.9,5
Kiribati,KIR,2006,64.712,39.6,5.1
Kiribati,KIR,2007,64.953,40.3,5.5
Kiribati,KIR,2008,65.208,40.9,5.6
Kiribati,KIR,2009,65.48,41.6,5.4
Kiribati,KIR,2010,65.769,42.2,5
Kiribati,KIR,2011,66.072,42.8,4.5
Kiribati,KIR,2012,66.381,43.5,4.3
Kiribati,KIR,2013,66.69,44.1,3.7
Kiribati,KIR,2014,66.995,44.7,3.2
Kiribati,KIR,2015,67.291,45.3,2.6
Kiribati,KIR,2016,67.577,46,2.6
Kuwait,KWT,2001,73.21,30.1,2.7
Kuwait,KWT,2002,73.28,30.5,2.5
Kuwait,KWT,2003,73.355,31,2.5
Kuwait,KWT,2004,73.439,31.5,2.5
Kuwait,KWT,2005,73.538,32,2.5
Kuwait,KWT,2006,73.66,32.5,2.5
Kuwait,KWT,2007,73.807,33,2.5
Kuwait,KWT,2008,73.976,33.5,2.5
Kuwait,KWT,2009,74.162,34,2.5
Kuwait,KWT,2010,74.358,34.6,2.5
Kuwait,KWT,2011,74.55,35.1,2.5
Kuwait,KWT,2012,74.728,35.6,2.5
Kuwait,KWT,2013,74.885,36.2,2.5
Kuwait,KWT,2014,75.019,36.8,2.5
Kuwait,KWT,2015,75.13,37.4,2.5
Kuwait,KWT,2016,75.224,37.9,2.5
Kyrgyzstan,KGZ,2001,66.503,9.9,15.3
Kyrgyzstan,KGZ,2002,66.657,10.2,13.3
Kyrgyzstan,KGZ,2003,66.792,10.6,11.1
Kyrgyzstan,KGZ,2004,66.912,10.9,9.1
Kyrgyzstan,KGZ,2005,67.046,11.3,9.1
Kyrgyzstan,KGZ,2006,67.236,11.7,9.8
Kyrgyzstan,KGZ,2007,67.51,12.1,10.5
Kyrgyzstan,KGZ,2008,67.879,12.5,9.9
Kyrgyzstan,KGZ,2009,68.336,13,9.1
Kyrgyzstan,KGZ,2010,68.849,13.4,8.4
Kyrgyzstan,KGZ,2011,69.376,13.9,8.3
Kyrgyzstan,KGZ,2012,69.868,14.4,8.2
Kyrgyzstan,KGZ,2013,70.289,14.9,7.2
Kyrgyzstan,KGZ,2014,70.626,15.5,6.5
Kyrgyzstan,KGZ,2015,70.876,16,6.1
Kyrgyzstan,KGZ,2016,71.054,16.6,6.3
Latvia,LVA,2001,70.106,19.5,4.6
Latvia,LVA,2002,70.429,19.7,3.5
Latvia,LVA,2003,70.698,20,2.8
Latvia,LVA,2004,70.917,20.2,2.5
Latvia,LVA,2005,71.114,20.5,2.5
Latvia,LVA,2006,71.331,20.7,2.5
Latvia,LVA,2007,71.602,21,2.5
Latvia,LVA,2008,71.949,21.3,2.5
Latvia,LVA,2009,72.368,21.5,2.5
Latvia,LVA,2010,72.838,21.8,2.5
Latvia,LVA,2011,73.323,22.1,2.5
Latvia,LVA,2012,73.778,22.4,2.5
Latvia,LVA,2013,74.172,22.7,2.5
Latvia,LVA,2014,74.491,23,2.5
Latvia,LVA,2015,74.733,23.3,2.5
Latvia,LVA,2016,74.91,23.6,2.5
Lebanon,LBN,2001,74.999,24.9,7.9
Lebanon,LBN,2002,75.488,25.3,8.7
Lebanon,LBN,2003,75.969,25.6,9.7
Lebanon,LBN,2004,76.432,25.9,10.8
Lebanon,LBN,2005,76.865,26.3,11
Lebanon,LBN,2006,77.26,26.7,10.6
Lebanon,LBN,2007,77.609,27.2,10
Lebanon,LBN,2008,77.911,27.7,9.5
Lebanon,LBN,2009,78.161,28.2,9.7
Lebanon,LBN,2010,78.36,28.7,10.3
Lebanon,LBN,2011,78.507,29.2,12.2
Lebanon,LBN,2012,78.611,29.7,15
Lebanon,LBN,2013,78.683,30.3,12.4
Lebanon,LBN,2014,78.732,30.8,9.3
Lebanon,LBN,2015,78.768,31.4,5.6
Lebanon,LBN,2016,78.8,32,6.2
Lesotho,LSO,2001,46.197,10.4,20.2
Lesotho,LSO,2002,44.898,10.8,18.6
Lesotho,LSO,2003,43.845,11.2,17
Lesotho,LSO,2004,43.083,11.5,15.5
Lesotho,LSO,2005,42.658,11.9,13.8
Lesotho,LSO,2006,42.595,12.3,12.9
Lesotho,LSO,2007,42.854,12.8,12.5
Lesotho,LSO,2008,43.384,13.2,12.4
Lesotho,LSO,2009,44.146,13.6,12
Lesotho,LSO,2010,45.1,14.1,11.7
Lesotho,LSO,2011,46.207,14.5,11.6
Lesotho,LSO,2012,47.416,14.9,11.9
Lesotho,LSO,2013,48.663,15.3,15.5
Lesotho,LSO,2014,49.891,15.7,22.7
Lesotho,LSO,2015,51.038,16.2,36.8
Lesotho,LSO,2016,52.059,16.6,37.4
Liberia,LBR,2001,52.236,5.7,36.7
Liberia,LBR,2002,52.826,5.9,38.2
Liberia,LBR,2003,53.554,6.1,37.7
Liberia,LBR,2004,54.422,6.3,36.6
Liberia,LBR,2005,55.393,6.6,35.9
Liberia,LBR,2006,56.4,6.8,35.3
Liberia,LBR,2007,57.365,7.1,34.5
Liberia,LBR,2008,58.229,7.4,33
Liberia,LBR,2009,58.971,7.7,32.4
Liberia,LBR,2010,59.6,8,32.2
Liberia,LBR,2011,60.146,8.3,33
Liberia,LBR,2012,60.663,8.6,33.3
Liberia,LBR,2013,61.186,8.9,35.6
Liberia,LBR,2014,61.723,9.2,37.1
Liberia,LBR,2015,62.269,9.6,38.8
Liberia,LBR,2016,62.802,9.9,38.8
Lithuania,LTU,2001,71.205,21.9,2.5
Lithuania,LTU,2002,71.392,22.1,2.5
Lithuania,LTU,2003,71.527,22.4,2.5
Lithuania,LTU,2004,71.619,22.6,2.5
Lithuania,LTU,2005,71.692,22.9,2.5
Lithuania,LTU,2006,71.784,23.2,2.5
Lithuania,LTU,2007,71.929,23.5,2.5
Lithuania,LTU,2008,72.15,23.8,2.5
Lithuania,LTU,2009,72.451,24.1,2.5
Lithuania,LTU,2010,72.826,24.4,2.5
Lithuania,LTU,2011,73.256,24.7,2.5
Lithuania,LTU,2012,73.706,25,2.5
Lithuania,LTU,2013,74.145,25.3,2.5
Lithuania,LTU,2014,74.556,25.6,2.5
Lithuania,LTU,2015,74.923,26,2.5
Lithuania,LTU,2016,75.238,26.3,2.5
Luxembourg,LUX,2001,77.91,16.2,2.5
Luxembourg,LUX,2002,78.161,16.6,2.5
Luxembourg,LUX,2003,78.406,17.1,2.5
Luxembourg,LUX,2004,78.645,17.5,2.5
Luxembourg,LUX,2005,78.888,17.9,2.5
Luxembourg,LUX,2006,79.145,18.3,2.5
Luxembourg,LUX,2007,79.421,18.7,2.5
Luxembourg,LUX,2008,79.718,19.2,2.5
Luxembourg,LUX,2009,80.032,19.6,2.5
Luxembourg,LUX,2010,80.352,20,2.5
Luxembourg,LUX,2011,80.664,20.4,2.5
Luxembourg,LUX,2012,80.955,20.9,2.5
Luxembourg,LUX,2013,81.215,21.3,2.5
Luxembourg,LUX,2014,81.442,21.7,2.5
Luxembourg,LUX,2015,81.636,22.2,2.5
Luxembourg,LUX,2016,81.803,22.6,2.5
Madagascar,MDG,2001,59.129,2.4,33.9
Madagascar,MDG,2002,59.717,2.5,35.3
Madagascar,MDG,2003,60.256,2.7,36.6
Madagascar,MDG,2004,60.752,2.8,35.2
Madagascar,MDG,2005,61.212,3,33.5
Madagascar,MDG,2006,61.65,3.1,31.1
Madagascar,MDG,2007,62.079,3.3,30.6
Madagascar,MDG,2008,62.509,3.5,30.5
Madagascar,MDG,2009,62.944,3.7,30.6
Madagascar,MDG,2010,63.388,3.9,30
Madagascar,MDG,2011,63.836,4.1,30.1
Madagascar,MDG,2012,64.28,4.3,30.7
Madagascar,MDG,2013,64.713,4.5,33.2
Madagascar,MDG,2014,65.133,4.8,36.7
Madagascar,MDG,2015,65.539,5.1,40.2
Madagascar,MDG,2016,65.931,5.3,41.4
Malawi,MWI,2001,45.204,2.8,23.8
Malawi,MWI,2002,45.517,3,24
Malawi,MWI,2003,46.052,3.1,24.7
Malawi,MWI,2004,46.823,3.3,24.2
Malawi,MWI,2005,47.844,3.4,22.5
Malawi,MWI,2006,49.118,3.6,20.6
Malawi,MWI,2007,50.595,3.8,18.7
Malawi,MWI,2008,52.206,4,18.1
Malawi,MWI,2009,53.888,4.2,17.6
Malawi,MWI,2010,55.564,4.4,17.3
Malawi,MWI,2011,57.161,4.6,17.1
Malawi,MWI,2012,58.629,4.8,17
Malawi,MWI,2013,59.931,5,17.3
Malawi,MWI,2014,61.042,5.3,16.9
Malawi,MWI,2015,61.953,5.5,17.4
Malawi,MWI,2016,62.681,5.8,17
Malaysia,MYS,2001,72.782,7.5,2.6
Malaysia,MYS,2002,72.976,7.9,2.9
Malaysia,MYS,2003,73.17,8.4,3
Malaysia,MYS,2004,73.364,8.9,3.2
Malaysia,MYS,2005,73.555,9.4,3.3
Malaysia,MYS,2006,73.744,9.9,3.5
Malaysia,MYS,2007,73.931,10.4,3.7
Malaysia,MYS,2008,74.118,10.9,3.7
Malaysia,MYS,2009,74.305,11.5,3.6
Malaysia,MYS,2010,74.493,12,3.2
Malaysia,MYS,2011,74.683,12.6,3
Malaysia,MYS,2012,74.877,13.1,2.9
Malaysia,MYS,2013,75.072,13.7,3.5
Malaysia,MYS,2014,75.268,14.3,3.7
Malaysia,MYS,2015,75.461,14.9,4
Malaysia,MYS,2016,75.649,15.6,3.4
Mali,MLI,2001,48.758,4,16.4
Mali,MLI,2002,49.54,4.3,15.4
Mali,MLI,2003,50.373,4.5,15.2
Mali,MLI,2004,51.224,4.8,14.6
Mali,MLI,2005,52.057,5,13.5
Mali,MLI,2006,52.839,5.3,12
Mali,MLI,2007,53.553,5.6,10.6
Mali,MLI,2008,54.193,5.9,9.5
Mali,MLI,2009,54.756,6.2,9
Mali,MLI,2010,55.251,6.5,8.7
Mali,MLI,2011,55.701,6.8,8.5
Mali,MLI,2012,56.135,7.2,8
Mali,MLI,2013,56.578,7.5,6.9
Mali,MLI,2014,57.036,7.9,6.1
Mali,MLI,2015,57.509,8.2,5.4
Mali,MLI,2016,57.987,8.6,5.3
Malta,MLT,2001,79.217,23.5,2.5
Malta,MLT,2002,79.38,23.9,2.5
Malta,MLT,2003,79.539,24.2,2.5
Malta,MLT,2004,79.697,24.6,2.5
Malta,MLT,2005,79.861,25,2.5
Malta,MLT,2006,80.036,25.3,2.5
Malta,MLT,2007,80.225,25.7,2.5
Malta,MLT,2008,80.428,26.1,2.5
Malta,MLT,2009,80.644,26.4,2.5
Malta,MLT,2010,80.868,26.8,2.5
Malta,MLT,2011,81.094,27.1,2.5
Malta,MLT,2012,81.314,27.5,2.5
Malta,MLT,2013,81.522,27.8,2.5
Malta,MLT,2014,81.716,28.2,2.5
Malta,MLT,2015,81.896,28.5,2.5
Malta,MLT,2016,82.063,28.9,2.5
Mauritania,MRT,2001,60.788,7,8.4
Mauritania,MRT,2002,60.892,7.4,8
Mauritania,MRT,2003,61.018,7.7,8.4
Mauritania,MRT,2004,61.17,8.1,8.7
Mauritania,MRT,2005,61.349,8.4,9.6
Mauritania,MRT,2006,61.552,8.8,8.9
Mauritania,MRT,2007,61.776,9.1,8.2
Mauritania,MRT,2008,62.015,9.5,7.4
Mauritania,MRT,2009,62.266,9.9,7.3
Mauritania,MRT,2010,62.527,10.3,7.4
Mauritania,MRT,2011,62.799,10.6,7.2
Mauritania,MRT,2012,63.079,11,7.1
Mauritania,MRT,2013,63.366,11.4,7.1
Mauritania,MRT,2014,63.654,11.8,7.9
Mauritania,MRT,2015,63.936,12.3,9.6
Mauritania,MRT,2016,64.208,12.7,10.8
Mauritius,MUS,2001,71.51,7,5.8
Mauritius,MUS,2002,71.806,7.2,5.6
Mauritius,MUS,2003,72.062,7.5,5.4
Mauritius,MUS,2004,72.272,7.7,5.3
Mauritius,MUS,2005,72.446,7.9,5.1
Mauritius,MUS,2006,72.606,8.1,5
Mauritius,MUS,2007,72.777,8.3,5.3
Mauritius,MUS,2008,72.977,8.6,5
Mauritius,MUS,2009,73.208,8.8,4.9
Mauritius,MUS,2010,73.46,9.1,4.7
Mauritius,MUS,2011,73.718,9.3,5.3
Mauritius,MUS,2012,73.96,9.6,5.7
Mauritius,MUS,2013,74.173,9.9,5.8
Mauritius,MUS,2014,74.352,10.2,5.4
Mauritius,MUS,2015,74.5,10.5,5.8
Mauritius,MUS,2016,74.626,10.8,5.4
Mexico,MEX,2001,74.658,21.3,3.3
Mexico,MEX,2002,74.922,21.8,3.7
Mexico,MEX,2003,75.118,22.3,4.3
Mexico,MEX,2004,75.243,22.8,4.6
Mexico,MEX,2005,75.3,23.3,4.5
Mexico,MEX,2006,75.296,23.8,4.1
Mexico,MEX,2007,75.255,24.3,4.1
Mexico,MEX,2008,75.194,24.8,4.5
Mexico,MEX,2009,75.128,25.3,4.8
Mexico,MEX,2010,75.065,25.8,4.8
Mexico,MEX,2011,75.011,26.3,4.6
Mexico,MEX,2012,74.966,26.8,4.3
Mexico,MEX,2013,74.93,27.3,4.1
Mexico,MEX,2014,74.908,27.8,4.6
Mexico,MEX,2015,74.904,28.3,5.6
Mexico,MEX,2016,74.917,28.9,6.4
Mongolia,MNG,2001,63.319,11.9,31.2
Mongolia,MNG,2002,63.777,12.3,30.7
Mongolia,MNG,2003,64.23,12.8,30.9
Mongolia,MNG,2004,64.671,13.3,30.8
Mongolia,MNG,2005,65.103,13.8,29.7
Mongolia,MNG,2006,65.538,14.3,27.5
Mongolia,MNG,2007,65.985,14.9,25.3
Mongolia,MNG,2008,66.447,15.5,22.4
Mongolia,MNG,2009,66.916,16.1,20.8
Mongolia,MNG,2010,67.38,16.7,19.5
Mongolia,MNG,2011,67.818,17.3,18.9
Mongolia,MNG,2012,68.217,17.9,18
Mongolia,MNG,2013,68.566,18.6,17
Mongolia,MNG,2014,68.863,19.2,20.8
Mongolia,MNG,2015,69.111,19.9,19.5
Mongolia,MNG,2016,69.321,20.6,21.2
Montenegro,MNE,2001,73.233,16.6,2.5
Montenegro,MNE,2002,73.285,17.1,2.5
Montenegro,MNE,2003,73.37,17.6,2.5
Montenegro,MNE,2004,73.486,18.1,2.5
Montenegro,MNE,2005,73.642,18.6,2.5
Montenegro,MNE,2006,73.85,19.1,2.5
Montenegro,MNE,2007,74.115,19.5,2.5
Montenegro,MNE,2008,74.43,20,2.5
Montenegro,MNE,2009,74.784,20.4,2.5
Montenegro,MNE,2010,75.151,20.8,2.5
Montenegro,MNE,2011,75.505,21.2,2.5
Montenegro,MNE,2012,75.823,21.6,2.5
Montenegro,MNE,2013,76.089,22,2.5
Montenegro,MNE,2014,76.297,22.4,2.5
Montenegro,MNE,2015,76.452,22.8,2.5
Montenegro,MNE,2016,76.568,23.3,2.5
Morocco,MAR,2001,69.193,17.2,6.4
Morocco,MAR,2002,69.769,17.7,6
Morocco,MAR,2003,70.399,18.2,5.6
Morocco,MAR,2004,71.067,18.7,5.6
Morocco,MAR,2005,71.746,19.2,5.5
Morocco,MAR,2006,72.403,19.8,5.7
Morocco,MAR,2007,73.009,20.4,5.6
Morocco,MAR,2008,73.546,20.9,5.7
Morocco,MAR,2009,74.003,21.5,5.7
Morocco,MAR,2010,74.382,22.1,5.6
Morocco,MAR,2011,74.696,22.8,5.3
Morocco,MAR,2012,74.97,23.4,4.9
Morocco,MAR,2013,75.227,24.1,4.4
Morocco,MAR,2014,75.477,24.7,4.1
Morocco,MAR,2015,75.726,25.4,3.8
Morocco,MAR,2016,75.974,26.1,3.8
Mozambique,MOZ,2001,49.295,3.8,36.6
Mozambique,MOZ,2002,49.61,4,35.3
Mozambique,MOZ,2003,49.889,4.2,34.2
Mozambique,MOZ,2004,50.143,4.4,34.2
Mozambique,MOZ,2005,50.387,4.6,33.4
Mozambique,MOZ,2006,50.641,4.8,32.5
Mozambique,MOZ,2007,50.934,5,30
Mozambique,MOZ,2008,51.292,5.2,28.8
Mozambique,MOZ,2009,51.738,5.4,25.9
Mozambique,MOZ,2010,52.31,5.7,24.2
Mozambique,MOZ,2011,53.043,5.9,22
Mozambique,MOZ,2012,53.931,6.1,21.1
Mozambique,MOZ,2013,54.949,6.4,22.9
Mozambique,MOZ,2014,56.062,6.7,26.7
Mozambique,MOZ,2015,57.206,6.9,31
Mozambique,MOZ,2016,58.309,7.2,32.9
Myanmar,MMR,2001,60.377,2.3,37.7
Myanmar,MMR,2002,60.685,2.5,34.8
Myanmar,MMR,2003,60.989,2.6,32.5
Myanmar,MMR,2004,61.294,2.8,30.3
Myanmar,MMR,2005,61.607,3,27.9
Myanmar,MMR,2006,61.938,3.2,24.9
Myanmar,MMR,2007,62.294,3.4,21.3
Myanmar,MMR,2008,62.678,3.6,18.5
Myanmar,MMR,2009,63.089,3.8,15.9
Myanmar,MMR,2010,63.525,4,14.2
Myanmar,MMR,2011,63.983,4.3,12.7
Myanmar,MMR,2012,64.453,4.6,12.1
Myanmar,MMR,2013,64.921,4.8,12.8
Myanmar,MMR,2014,65.378,5.1,13.6
Myanmar,MMR,2015,65.81,5.4,13.9
Myanmar,MMR,2016,66.205,5.8,13.5
Namibia,NAM,2001,51.399,9.8,13.1
Namibia,NAM,2002,50.862,10.2,13.5
Namibia,NAM,2003,50.589,10.7,14.2
Namibia,NAM,2004,50.6,11.1,14.6
Namibia,NAM,2005,50.931,11.6,15.7
Namibia,NAM,2006,51.609,12,17.1
Namibia,NAM,2007,52.593,12.5,20
Namibia,NAM,2008,53.817,13,23.9
Namibia,NAM,2009,55.207,13.5,27.5
Namibia,NAM,2010,56.665,14,28.3
Namibia,NAM,2011,58.085,14.6,26.5
Namibia,NAM,2012,59.387,15.1,24
Namibia,NAM,2013,60.513,15.6,21.6
Namibia,NAM,2014,61.425,16.1,18.1
Namibia,NAM,2015,62.119,16.7,14.8
Namibia,NAM,2016,62.625,17.2,12.8
Nepal,NPL,2001,62.945,1.7,23.6
Nepal,NPL,2002,63.57,1.8,21.9
Nepal,NPL,2003,64.165,1.9,19.9
Nepal,NPL,2004,64.729,2,17.7
Nepal,NPL,2005,65.264,2.1,16.9
Nepal,NPL,2006,65.773,2.3,16
Nepal,NPL,2007,66.26,2.4,15
Nepal,NPL,2008,66.727,2.6,13.1
Nepal,NPL,2009,67.178,2.7,11.5
Nepal,NPL,2010,67.611,2.9,9.9
Nepal,NPL,2011,68.028,3.1,8.4
Nepal,NPL,2012,68.426,3.3,7.1
Nepal,NPL,2013,68.806,3.5,6.6
Nepal,NPL,2014,69.168,3.7,6.5
Nepal,NPL,2015,69.515,3.9,6.4
Nepal,NPL,2016,69.848,4.1,6
Netherlands,NLD,2001,78.373,13.5,2.5
Netherlands,NLD,2002,78.59,13.9,2.5
Netherlands,NLD,2003,78.837,14.4,2.5
Netherlands,NLD,2004,79.11,14.9,2.5
Netherlands,NLD,2005,79.401,15.4,2.5
Netherlands,NLD,2006,79.702,15.8,2.5
Netherlands,NLD,2007,80.001,16.3,2.5
Netherlands,NLD,2008,80.287,16.8,2.5
Netherlands,NLD,2009,80.554,17.3,2.5
Netherlands,NLD,2010,80.797,17.7,2.5
Netherlands,NLD,2011,81.015,18.2,2.5
Netherlands,NLD,2012,81.212,18.6,2.5
Netherlands,NLD,2013,81.392,19.1,2.5
Netherlands,NLD,2014,81.559,19.5,2.5
Netherlands,NLD,2015,81.715,20,2.5
Netherlands,NLD,2016,81.862,20.4,2.5
New Zealand,NZL,2001,78.62,22.1,2.5
New Zealand,NZL,2002,78.914,22.7,2.5
New Zealand,NZL,2003,79.2,23.2,2.5
New Zealand,NZL,2004,79.474,23.8,2.5
New Zealand,NZL,2005,79.734,24.4,2.5
New Zealand,NZL,2006,79.981,24.9,2.5
New Zealand,NZL,2007,80.216,25.5,2.5
New Zealand,NZL,2008,80.441,26.1,2.5
New Zealand,NZL,2009,80.656,26.6,2.5
New Zealand,NZL,2010,80.86,27.2,2.5
New Zealand,NZL,2011,81.052,27.8,2.5
New Zealand,NZL,2012,81.233,28.4,2.5
New Zealand,NZL,2013,81.402,29,2.5
New Zealand,NZL,2014,81.561,29.6,2.5
New Zealand,NZL,2015,81.713,30.2,2.5
New Zealand,NZL,2016,81.859,30.8,2.5
Nicaragua,NIC,2001,69.934,16,27.6
Nicaragua,NIC,2002,70.308,16.5,25.3
Nicaragua,NIC,2003,70.64,16.9,25
Nicaragua,NIC,2004,70.933,17.4,24.1
Nicaragua,NIC,2005,71.195,17.9,23.3
Nicaragua,NIC,2006,71.436,18.4,22.3
Nicaragua,NIC,2007,71.673,18.9,21.7
Nicaragua,NIC,2008,71.915,19.4,21.2
Nicaragua,NIC,2009,72.167,19.9,20.9
Nicaragua,NIC,2010,72.428,20.4,20.2
Nicaragua,NIC,2011,72.692,20.9,19.2
Nicaragua,NIC,2012,72.951,21.5,17.9
Nicaragua,NIC,2013,73.197,22,18.3
Nicaragua,NIC,2014,73.429,22.5,18.8
Nicaragua,NIC,2015,73.649,23.1,19
Nicaragua,NIC,2016,73.86,23.7,18.1
Nigeria,NGA,2001,46.51,4.2,9.1
Nigeria,NGA,2002,46.835,4.4,9.1
Nigeria,NGA,2003,47.242,4.7,8.8
Nigeria,NGA,2004,47.72,4.9,8.2
Nigeria,NGA,2005,48.252,5.2,7.4
Nigeria,NGA,2006,48.812,5.4,7
Nigeria,NGA,2007,49.373,5.7,6.9
Nigeria,NGA,2008,49.913,6,7.2
Nigeria,NGA,2009,50.422,6.4,7.3
Nigeria,NGA,2010,50.896,6.7,7.4
Nigeria,NGA,2011,51.346,7,7.5
Nigeria,NGA,2012,51.786,7.4,7.6
Nigeria,NGA,2013,52.228,7.7,8.6
Nigeria,NGA,2014,52.672,8.1,9.8
Nigeria,NGA,2015,53.112,8.5,11.1
Nigeria,NGA,2016,53.541,8.9,12
North Korea,PRK,2001,66.087,4.2,35.7
North Korea,PRK,2002,66.925,4.3,34.9
North Korea,PRK,2003,67.615,4.4,32.4
North Korea,PRK,2004,68.102,4.6,32.6
North Korea,PRK,2005,68.389,4.7,33.9
North Korea,PRK,2006,68.54,4.9,36.2
North Korea,PRK,2007,68.675,5,38.3
North Korea,PRK,2008,68.884,5.2,39.8
North Korea,PRK,2009,69.185,5.4,40.5
North Korea,PRK,2010,69.571,5.5,40.7
North Korea,PRK,2011,70.012,5.7,40.5
North Korea,PRK,2012,70.454,5.9,40.5
North Korea,PRK,2013,70.853,6.1,41.4
North Korea,PRK,2014,71.198,6.3,43
North Korea,PRK,2015,71.481,6.5,44.5
North Korea,PRK,2016,71.711,6.8,46
North Macedonia,MKD,2001,73.47,17.4,7.6
North Macedonia,MKD,2002,73.642,17.7,7.6
North Macedonia,MKD,2003,73.781,17.9,5.9
North Macedonia,MKD,2004,73.892,18.2,5.5
North Macedonia,MKD,2005,73.986,18.5,5
North Macedonia,MKD,2006,74.08,18.8,4.5
North Macedonia,MKD,2007,74.19,19.1,3.6
North Macedonia,MKD,2008,74.324,19.4,2.9
North Macedonia,MKD,2009,74.484,19.8,3.2
North Macedonia,MKD,2010,74.662,20.1,3.4
North Macedonia,MKD,2011,74.846,20.5,3.7
North Macedonia,MKD,2012,75.019,20.8,3.7
North Macedonia,MKD,2013,75.171,21.2,3.7
North Macedonia,MKD,2014,75.299,21.6,3.5
North Macedonia,MKD,2015,75.406,22,3.4
North Macedonia,MKD,2016,75.498,22.4,3.1
Norway,NOR,2001,79.01,16.4,2.5
Norway,NOR,2002,79.237,16.8,2.5
Norway,NOR,2003,79.474,17.3,2.5
Norway,NOR,2004,79.72,17.7,2.5
Norway,NOR,2005,79.972,18.2,2.5
Norway,NOR,2006,80.225,18.6,2.5
Norway,NOR,2007,80.475,19,2.5
Norway,NOR,2008,80.717,19.5,2.5
Norway,NOR,2009,80.945,19.9,2.5
Norway,NOR,2010,81.156,20.4,2.5
Norway,NOR,2011,81.345,20.8,2.5
Norway,NOR,2012,81.512,21.3,2.5
Norway,NOR,2013,81.66,21.7,2.5
Norway,NOR,2014,81.792,22.2,2.5
Norway,NOR,2015,81.912,22.6,2.5
Norway,NOR,2016,82.029,23.1,2.5
Oman,OMN,2001,72.58,18.5,12.4
Oman,OMN,2002,73.022,18.8,11.4
Oman,OMN,2003,73.447,19.2,11.1
Oman,OMN,2004,73.851,19.6,10.2
Oman,OMN,2005,74.23,20,9.7
Oman,OMN,2006,74.577,20.5,9.7
Oman,OMN,2007,74.893,21.1,9.8
Oman,OMN,2008,75.179,21.8,9.8
Oman,OMN,2009,75.44,22.4,9.5
Oman,OMN,2010,75.682,23.1,9.2
Oman,OMN,2011,75.916,23.7,8.5
Oman,OMN,2012,76.149,24.3,7.3
Oman,OMN,2013,76.388,24.9,6.8
Oman,OMN,2014,76.634,25.6,6.9
Oman,OMN,2015,76.887,26.3,7.7
Oman,OMN,2016,77.142,27,8.1
Pakistan,PAK,2001,63.066,4.1,21.2
Pakistan,PAK,2002,63.3,4.3,21.9
Pakistan,PAK,2003,63.522,4.6,21.1
Pakistan,PAK,2004,63.736,4.8,19.2
Pakistan,PAK,2005,63.951,5.1,17.7
Pakistan,PAK,2006,64.176,5.3,16.5
Pakistan,PAK,2007,64.42,5.6,15.9
Pakistan,PAK,2008,64.685,5.9,16
Pakistan,PAK,2009,64.969,6.2,16.4
Pakistan,PAK,2010,65.264,6.5,16.9
Pakistan,PAK,2011,65.562,6.8,17.4
Pakistan,PAK,2012,65.849,7.1,17.7
Pakistan,PAK,2013,66.117,7.5,16.2
Pakistan,PAK,2014,66.36,7.8,14.6
Pakistan,PAK,2015,66.577,8.2,12.8
Pakistan,PAK,2016,66.77,8.6,12.1
Panama,PAN,2001,75.233,15.2,24.6
Panama,PAN,2002,75.401,15.7,20.6
Panama,PAN,2003,75.565,16.2,21.1
Panama,PAN,2004,75.728,16.7,21.4
Panama,PAN,2005,75.892,17.2,21.7
Panama,PAN,2006,76.06,17.7,18.6
Panama,PAN,2007,76.234,18.2,16.3
Panama,PAN,2008,76.414,18.6,14.2
Panama,PAN,2009,76.6,19.1,13
Panama,PAN,2010,76.792,19.6,11.9
Panama,PAN,2011,76.989,20.1,10.3
Panama,PAN,2012,77.188,20.6,9.2
Panama,PAN,2013,77.386,21.1,8.7
Panama,PAN,2014,77.583,21.6,8.4
Panama,PAN,2015,77.776,22.2,8.3
Panama,PAN,2016,77.964,22.7,7.8
Paraguay,PRY,2001,70.786,12.8,10.6
Paraguay,PRY,2002,71.023,13.3,9.4
Paraguay,PRY,2003,71.249,13.8,8.9
Paraguay,PRY,2004,71.464,14.2,9.2
Paraguay,PRY,2005,71.667,14.7,9.6
Paraguay,PRY,2006,71.862,15.2,9.8
Paraguay,PRY,2007,72.055,15.7,9.5
Paraguay,PRY,2008,72.251,16.2,9.8
Paraguay,PRY,2009,72.45,16.7,9.4
Paraguay,PRY,2010,72.653,17.2,8.5
Paraguay,PRY,2011,72.86,17.7,7.9
Paraguay,PRY,2012,73.068,18.2,7.9
Paraguay,PRY,2013,73.274,18.7,7.8
Paraguay,PRY,2014,73.473,19.2,7.7
Paraguay,PRY,2015,73.662,19.8,8
Paraguay,PRY,2016,73.836,20.3,8.5
Peru,PER,2001,71.505,13.9,21.6
Peru,PER,2002,71.882,14.2,23
Peru,PER,2003,72.24,14.6,23.2
Peru,PER,2004,72.581,15,21.8
Peru,PER,2005,72.908,15.3,18.9
Peru,PER,2006,73.222,15.7,15.8
Peru,PER,2007,73.528,16.1,13.8
Peru,PER,2008,73.826,16.5,11.7
Peru,PER,2009,74.12,16.9,9.6
Peru,PER,2010,74.41,17.3,8.2
Peru,PER,2011,74.697,17.7,6.9
Peru,PER,2012,74.981,18.1,5.9
Peru,PER,2013,75.258,18.5,5.6
Peru,PER,2014,75.529,18.9,5.8
Peru,PER,2015,75.792,19.3,6.6
Peru,PER,2016,76.044,19.7,6.9
Philippines,PHL,2001,68.835,3.4,18.8
Philippines,PHL,2002,68.88,3.6,18.5
Philippines,PHL,2003,68.937,3.7,17.3
Philippines,PHL,2004,69.013,3.9,16.3
Philippines,PHL,2005,69.112,4.1,15
Philippines,PHL,2006,69.233,4.2,14.1
Philippines,PHL,2007,69.37,4.4,13.2
Philippines,PHL,2008,69.515,4.6,12.7
Philippines,PHL,2009,69.667,4.8,12.8
Philippines,PHL,2010,69.823,5,13.1
Philippines,PHL,2011,69.984,5.2,13.3
Philippines,PHL,2012,70.149,5.4,13.4
Philippines,PHL,2013,70.315,5.7,14.6
Philippines,PHL,2014,70.481,5.9,15.3
Philippines,PHL,2015,70.644,6.2,16.2
Philippines,PHL,2016,70.802,6.4,15.2
Poland,POL,2001,74.052,17.8,2.5
Poland,POL,2002,74.367,18.1,2.5
Poland,POL,2003,74.644,18.4,2.5
Poland,POL,2004,74.884,18.8,2.5
Poland,POL,2005,75.099,19.1,2.5
Poland,POL,2006,75.306,19.4,2.5
Poland,POL,2007,75.523,19.8,2.5
Poland,POL,2008,75.765,20.1,2.5
Poland,POL,2009,76.034,20.5,2.5
Poland,POL,2010,76.33,20.8,2.5
Poland,POL,2011,76.647,21.2,2.5
Poland,POL,2012,76.968,21.5,2.5
Poland,POL,2013,77.282,21.9,2.5
Poland,POL,2014,77.582,22.3,2.5
Poland,POL,2015,77.859,22.7,2.5
Poland,POL,2016,78.11,23.1,2.5
Portugal,PRT,2001,77.075,14.1,2.5
Portugal,PRT,2002,77.413,14.6,2.5
Portugal,PRT,2003,77.759,15,2.5
Portugal,PRT,2004,78.107,15.4,2.5
Portugal,PRT,2005,78.451,15.9,2.5
Portugal,PRT,2006,78.786,16.3,2.5
Portugal,PRT,2007,79.11,16.8,2.5
Portugal,PRT,2008,79.421,17.2,2.5
Portugal,PRT,2009,79.716,17.7,2.5
Portugal,PRT,2010,79.995,18.1,2.5
Portugal,PRT,2011,80.26,18.6,2.5
Portugal,PRT,2012,80.513,19,2.5
Portugal,PRT,2013,80.758,19.5,2.5
Portugal,PRT,2014,80.995,19.9,2.5
Portugal,PRT,2015,81.224,20.4,2.5
Portugal,PRT,2016,81.444,20.8,2.5
Romania,ROU,2001,70.824,16.5,2.5
Romania,ROU,2002,71.194,16.8,2.5
Romania,ROU,2003,71.561,17.1,2.5
Romania,ROU,2004,71.917,17.5,2.5
Romania,ROU,2005,72.262,17.8,2.5
Romania,ROU,2006,72.605,18.2,2.5
Romania,ROU,2007,72.956,18.6,2.5
Romania,ROU,2008,73.322,19,2.5
Romania,ROU,2009,73.695,19.4,2.5
Romania,ROU,2010,74.066,19.8,2.5
Romania,ROU,2011,74.42,20.2,2.5
Romania,ROU,2012,74.744,20.7,2.5
Romania,ROU,2013,75.029,21.1,2.5
Romania,ROU,2014,75.272,21.6,2.5
Romania,ROU,2015,75.476,22.1,2.5
Romania,ROU,2016,75.644,22.5,2.5
Russia,RUS,2001,64.995,19.3,4.1
Russia,RUS,2002,65.005,19.5,3.3
Russia,RUS,2003,65.131,19.7,2.8
Russia,RUS,2004,65.38,19.9,2.5
Russia,RUS,2005,65.752,20.2,2.5
Russia,RUS,2006,66.238,20.4,2.5
Russia,RUS,2007,66.807,20.7,2.5
Russia,RUS,2008,67.426,20.9,2.5
Russia,RUS,2009,68.07,21.2,2.5
Russia,RUS,2010,68.715,21.4,2.5
Russia,RUS,2011,69.343,21.7,2.5
Russia,RUS,2012,69.944,21.9,2.5
Russia,RUS,2013,70.508,22.2,2.5
Russia,RUS,2014,71.018,22.5,2.5
Russia,RUS,2015,71.464,22.8,2.5
Russia,RUS,2016,71.835,23.1,2.5
Rwanda,RWA,2001,49.936,2.4,38.5
Rwanda,RWA,2002,50.987,2.6,35.1
Rwanda,RWA,2003,52.178,2.8,34.4
Rwanda,RWA,2004,53.595,3,35.6
Rwanda,RWA,2005,55.254,3.2,34.9
Rwanda,RWA,2006,57.083,3.3,33.1
Rwanda,RWA,2007,58.915,3.6,31.5
Rwanda,RWA,2008,60.612,3.8,28.6
Rwanda,RWA,2009,62.129,4,25.8
Rwanda,RWA,2010,63.433,4.2,23.9
Rwanda,RWA,2011,64.523,4.5,22.7
Rwanda,RWA,2012,65.438,4.7,22.2
Rwanda,RWA,2013,66.219,5,25.5
Rwanda,RWA,2014,66.884,5.3,30.2
Rwanda,RWA,2015,67.45,5.6,33.9
Rwanda,RWA,2016,67.93,5.8,34.8
Saint Vincent and the Grenadines,VCT,2001,70.882,15.1,13.5
Saint Vincent and the Grenadines,VCT,2002,70.977,15.6,12
Saint Vincent and the Grenadines,VCT,2003,71.087,16.1,9.6
Saint Vincent and the Grenadines,VCT,2004,71.208,16.6,8.8
Saint Vincent and the Grenadines,VCT,2005,71.331,17.2,8
Saint Vincent and the Grenadines,VCT,2006,71.449,17.7,7.3
Saint Vincent and the Grenadines,VCT,2007,71.554,18.3,6.9
Saint Vincent and the Grenadines,VCT,2008,71.643,18.8,6.5
Saint Vincent and the Grenadines,VCT,2009,71.716,19.4,6.1
Saint Vincent and the Grenadines,VCT,2010,71.776,20,5.8
Saint Vincent and the Grenadines,VCT,2011,71.827,20.6,5.5
Saint Vincent and the Grenadines,VCT,2012,71.879,21.2,5.3
Saint Vincent and the Grenadines,VCT,2013,71.939,21.8,5.7
Saint Vincent and the Grenadines,VCT,2014,72.01,22.4,5.7
Saint Vincent and the Grenadines,VCT,2015,72.095,23.1,6.1
Saint Vincent and the Grenadines,VCT,2016,72.193,23.7,5.9
Samoa,WSM,2001,69.103,37.4,3.5
Samoa,WSM,2002,69.451,38.1,3.3
Samoa,WSM,2003,69.781,38.8,3.1
Samoa,WSM,2004,70.089,39.5,2.9
Samoa,WSM,2005,70.374,40.2,2.9
Samoa,WSM,2006,70.642,40.8,3.1
Samoa,WSM,2007,70.901,41.5,3.1
Samoa,WSM,2008,71.158,42.2,3
Samoa,WSM,2009,71.412,42.8,2.8
Samoa,WSM,2010,71.663,43.4,3
Samoa,WSM,2011,71.906,44.1,2.7
Samoa,WSM,2012,72.136,44.7,2.6
Samoa,WSM,2013,72.351,45.4,2.5
Samoa,WSM,2014,72.549,46,2.6
Samoa,WSM,2015,72.73,46.7,2.5
Samoa,WSM,2016,72.895,47.3,2.5
Sao Tome and Principe,STP,2001,62.017,6.6,14.9
Sao Tome and Principe,STP,2002,62.687,6.9,13
Sao Tome and Principe,STP,2003,63.359,7.3,11.4
Sao Tome and Principe,STP,2004,64.02,7.7,10
Sao Tome and Principe,STP,2005,64.659,8,9.2
Sao Tome and Principe,STP,2006,65.27,8.4,9.2
Sao Tome and Principe,STP,2007,65.854,8.8,10
Sao Tome and Principe,STP,2008,66.412,9.2,11.3
Sao Tome and Principe,STP,2009,66.938,9.6,12.9
Sao Tome and Principe,STP,2010,67.43,10,14.3
Sao Tome and Principe,STP,2011,67.885,10.3,15.2
Sao Tome and Principe,STP,2012,68.306,10.7,14.2
Sao Tome and Principe,STP,2013,68.695,11.2,14.1
Sao Tome and Principe,STP,2014,69.052,11.6,14.4
Sao Tome and Principe,STP,2015,69.377,12,14.5
Sao Tome and Principe,STP,2016,69.67,12.4,13.4
Saudi Arabia,SAU,2001,72.759,26.7,5
Saudi Arabia,SAU,2002,72.92,27.1,5.1
Saudi Arabia,SAU,2003,73.051,27.5,5.2
Saudi Arabia,SAU,2004,73.159,27.9,5.1
Saudi Arabia,SAU,2005,73.256,28.4,4.8
Saudi Arabia,SAU,2006,73.355,29,4.6
Saudi Arabia,SAU,2007,73.467,29.6,4.9
Saudi Arabia,SAU,2008,73.598,30.2,5.5
Saudi Arabia,SAU,2009,73.75,30.8,5.7
Saudi Arabia,SAU,2010,73.917,31.5,6
Saudi Arabia,SAU,2011,74.089,32.1,5.4
Saudi Arabia,SAU,2012,74.254,32.8,5.5
Saudi Arabia,SAU,2013,74.402,33.4,4.9
Saudi Arabia,SAU,2014,74.533,34.1,4.9
Saudi Arabia,SAU,2015,74.651,34.7,4.7
Saudi Arabia,SAU,2016,74.761,35.4,4.8
Senegal,SEN,2001,58.177,4.9,24.2
Senegal,SEN,2002,58.675,5.1,22.9
Senegal,SEN,2003,59.259,5.3,21.2
Senegal,SEN,2004,59.912,5.6,19.2
Senegal,SEN,2005,60.62,5.8,17.4
Senegal,SEN,2006,61.365,6,15.8
Senegal,SEN,2007,62.126,6.3,12.9
Senegal,SEN,2008,62.88,6.5,11.1
Senegal,SEN,2009,63.607,6.8,9.9
Senegal,SEN,2010,64.284,7.1,9.8
Senegal,SEN,2011,64.898,7.3,9.6
Senegal,SEN,2012,65.448,7.6,9.2
Senegal,SEN,2013,65.939,7.9,10.1
Senegal,SEN,2014,66.37,8.2,11.2
Senegal,SEN,2015,66.747,8.5,11.4
Senegal,SEN,2016,67.078,8.8,10.3
Serbia,SRB,2001,72.131,15.8,2.5
Serbia,SRB,2002,72.256,16.2,2.5
Serbia,SRB,2003,72.409,16.6,2.5
Serbia,SRB,2004,72.592,16.9,2.5
Serbia,SRB,2005,72.803,17.3,2.5
Serbia,SRB,2006,73.04,17.7,2.5
Serbia,SRB,2007,73.296,18,2.5
Serbia,SRB,2008,73.562,18.4,2.5
Serbia,SRB,2009,73.833,18.8,2.5
Serbia,SRB,2010,74.101,19.2,2.5
Serbia,SRB,2011,74.364,19.6,2.6
Serbia,SRB,2012,74.619,20,2.7
Serbia,SRB,2013,74.864,20.3,3.2
Serbia,SRB,2014,75.095,20.7,3.6
Serbia,SRB,2015,75.309,21.1,4.1
Serbia,SRB,2016,75.505,21.5,4.1
Sierra Leone,SLE,2001,40.369,4.6,50.7
Sierra Leone,SLE,2002,41.376,4.9,49.9
Sierra Leone,SLE,2003,42.419,5.1,49.4
Sierra Leone,SLE,2004,43.467,5.3,48.9
Sierra Leone,SLE,2005,44.502,5.5,46.7
Sierra Leone,SLE,2006,45.517,5.8,43.8
Sierra Leone,SLE,2007,46.52,6,41.8
Sierra Leone,SLE,2008,47.508,6.3,40.3
Sierra Leone,SLE,2009,48.468,6.5,39.4
Sierra Leone,SLE,2010,49.382,6.8,37.5
Sierra Leone,SLE,2011,50.234,7.1,36.1
Sierra Leone,SLE,2012,51.018,7.4,34.6
Sierra Leone,SLE,2013,51.731,7.7,32.1
Sierra Leone,SLE,2014,52.372,8,29.8
Sierra Leone,SLE,2015,52.941,8.3,27.8
Sierra Leone,SLE,2016,53.444,8.7,27.3
Slovakia,SVK,2001,73.497,15.8,6.2
Slovakia,SVK,2002,73.695,16,6.2
Slovakia,SVK,2003,73.886,16.3,6.1
Slovakia,SVK,2004,74.074,16.6,5.9
Slovakia,SVK,2005,74.267,16.9,5.5
Slovakia,SVK,2006,74.473,17.2,5.7
Slovakia,SVK,2007,74.698,17.5,5.4
Slovakia,SVK,2008,74.945,17.8,5
Slovakia,SVK,2009,75.212,18.1,4
Slovakia,SVK,2010,75.493,18.4,3.6
Slovakia,SVK,2011,75.782,18.8,3.5
Slovakia,SVK,2012,76.067,19.1,3.5
Slovakia,SVK,2013,76.34,19.4,3.7
Slovakia,SVK,2014,76.595,19.8,5.2
Slovakia,SVK,2015,76.827,20.1,5.8
Slovakia,SVK,2016,77.034,20.5,6.5
Slovenia,SVN,2001,76.219,15.4,2.5
Slovenia,SVN,2002,76.532,15.7,2.5
Slovenia,SVN,2003,76.866,15.9,2.5
Slovenia,SVN,2004,77.22,16.2,2.5
Slovenia,SVN,2005,77.591,16.5,2.5
Slovenia,SVN,2006,77.973,16.8,2.5
Slovenia,SVN,2007,78.355,17.2,2.5
Slovenia,SVN,2008,78.729,17.5,2.5
Slovenia,SVN,2009,79.087,17.8,2.5
Slovenia,SVN,2010,79.421,18.1,2.5
Slovenia,SVN,2011,79.725,18.4,2.5
Slovenia,SVN,2012,80.001,18.8,2.5
Slovenia,SVN,2013,80.25,19.1,2.5
Slovenia,SVN,2014,80.474,19.5,2.5
Slovenia,SVN,2015,80.673,19.8,2.5
Slovenia,SVN,2016,80.852,20.2,2.5
Solomon Islands,SLB,2001,67.816,14,13.1
Solomon Islands,SLB,2002,68.175,14.4,12.5
Solomon Islands,SLB,2003,68.518,14.9,11.5
Solomon Islands,SLB,2004,68.845,15.4,11.2
Solomon Islands,SLB,2005,69.158,15.9,10.6
Solomon Islands,SLB,2006,69.462,16.5,10.4
Solomon Islands,SLB,2007,69.762,17,9.9
Solomon Islands,SLB,2008,70.063,17.6,10
Solomon Islands,SLB,2009,70.366,18.1,9.5
Solomon Islands,SLB,2010,70.674,18.7,9.6
Solomon Islands,SLB,2011,70.985,19.3,10.2
Solomon Islands,SLB,2012,71.296,19.9,11.7
Solomon Islands,SLB,2013,71.601,20.6,12.6
Solomon Islands,SLB,2014,71.896,21.2,12.8
Solomon Islands,SLB,2015,72.173,21.9,12.1
Solomon Islands,SLB,2016,72.424,22.5,11.9
South Africa,ZAF,2001,55.089,20.2,4
South Africa,ZAF,2002,54.31,20.8,3.8
South Africa,ZAF,2003,53.749,21.3,3.7
South Africa,ZAF,2004,53.444,21.8,3.5
South Africa,ZAF,2005,53.447,22.3,3.5
South Africa,ZAF,2006,53.795,22.9,3.5
South Africa,ZAF,2007,54.452,23.4,3.6
South Africa,ZAF,2008,55.36,24,3.7
South Africa,ZAF,2009,56.46,24.5,3.5
South Africa,ZAF,2010,57.669,25.1,3.5
South Africa,ZAF,2011,58.895,25.6,3.5
South Africa,ZAF,2012,60.06,26.1,3.8
South Africa,ZAF,2013,61.099,26.7,4.2
South Africa,ZAF,2014,61.968,27.2,4.6
South Africa,ZAF,2015,62.649,27.8,5
South Africa,ZAF,2016,63.153,28.3,5.3
South Korea,KOR,2001,76.499,3,2.5
South Korea,KOR,2002,76.96,3.1,2.6
South Korea,KOR,2003,77.426,3.2,2.7
South Korea,KOR,2004,77.892,3.3,2.7
South Korea,KOR,2005,78.354,3.4,2.5
South Korea,KOR,2006,78.806,3.5,2.5
South Korea,KOR,2007,79.243,3.6,2.5
South Korea,KOR,2008,79.66,3.7,2.5
South Korea,KOR,2009,80.056,3.8,2.5
South Korea,KOR,2010,80.432,3.9,2.5
South Korea,KOR,2011,80.79,4,2.5
South Korea,KOR,2012,81.137,4.1,2.5
South Korea,KOR,2013,81.472,4.3,2.5
South Korea,KOR,2014,81.795,4.4,2.5
South Korea,KOR,2015,82.1,4.5,2.5
South Korea,KOR,2016,82.379,4.7,2.5
Spain,ESP,2001,79.56,18.6,2.5
Spain,ESP,2002,79.797,19,2.5
Spain,ESP,2003,80.041,19.3,2.5
Spain,ESP,2004,80.293,19.7,2.5
Spain,ESP,2005,80.553,20,2.5
Spain,ESP,2006,80.821,20.3,2.5
Spain,ESP,2007,81.094,20.7,2.5
Spain,ESP,2008,81.367,21,2.5
Spain,ESP,2009,81.638,21.3,2.5
Spain,ESP,2010,81.9,21.7,2.5
Spain,ESP,2011,82.149,22,2.5
Spain,ESP,2012,82.384,22.4,2.5
Spain,ESP,2013,82.601,22.7,2.5
Spain,ESP,2014,82.801,23.1,2.5
Spain,ESP,2015,82.981,23.4,2.5
Spain,ESP,2016,83.145,23.8,2.5
Sri Lanka,LKA,2001,72.233,2.2,17
Sri Lanka,LKA,2002,73.085,2.4,16.5
Sri Lanka,LKA,2003,73.799,2.5,16.3
Sri Lanka,LKA,2004,74.337,2.7,15.7
Sri Lanka,LKA,2005,74.695,2.8,14.8
Sri Lanka,LKA,2006,74.904,3,14.2
Sri Lanka,LKA,2007,75.037,3.1,12.9
Sri Lanka,LKA,2008,75.157,3.3,12
Sri Lanka,LKA,2009,75.286,3.5,11
Sri Lanka,LKA,2010,75.439,3.7,10.4
Sri Lanka,LKA,2011,75.614,3.9,9.7
Sri Lanka,LKA,2012,75.796,4.1,8.9
Sri Lanka,LKA,2013,75.974,4.4,8.8
Sri Lanka,LKA,2014,76.147,4.6,8.8
Sri Lanka,LKA,2015,76.316,4.9,8.7
Sri Lanka,LKA,2016,76.482,5.2,8.3
Suriname,SUR,2001,67.913,19.4,12
Suriname,SUR,2002,68.064,19.8,11.7
Suriname,SUR,2003,68.28,20.3,11
Suriname,SUR,2004,68.555,20.7,10.5
Suriname,SUR,2005,68.877,21.2,9.9
Suriname,SUR,2006,69.227,21.6,9
Suriname,SUR,2007,69.579,22.1,9
Suriname,SUR,2008,69.91,22.5,8.4
Suriname,SUR,2009,70.209,23,7.7
Suriname,SUR,2010,70.465,23.5,7.4
Suriname,SUR,2011,70.676,24,7.7
Suriname,SUR,2012,70.851,24.4,8.3
Suriname,SUR,2013,71.002,24.9,7.8
Suriname,SUR,2014,71.133,25.4,7.7
Suriname,SUR,2015,71.249,25.9,7.9
Suriname,SUR,2016,71.358,26.4,8.5
Sweden,SWE,2001,79.893,14.9,2.5
Sweden,SWE,2002,80.061,15.3,2.5
Sweden,SWE,2003,80.234,15.6,2.5
Sweden,SWE,2004,80.411,16,2.5
Sweden,SWE,2005,80.594,16.3,2.5
Sweden,SWE,2006,80.782,16.7,2.5
Sweden,SWE,2007,80.97,17.1,2.5
Sweden,SWE,2008,81.157,17.4,2.5
Sweden,SWE,2009,81.339,17.8,2.5
Sweden,SWE,2010,81.514,18.2,2.5
Sweden,SWE,2011,81.679,18.6,2.5
Sweden,SWE,2012,81.834,19,2.5
Sweden,SWE,2013,81.98,19.4,2.5
Sweden,SWE,2014,82.118,19.8,2.5
Sweden,SWE,2015,82.251,20.2,2.5
Sweden,SWE,2016,82.382,20.6,2.5
Switzerland,CHE,2001,80.118,14.2,2.5
Switzerland,CHE,2002,80.378,14.5,2.5
Switzerland,CHE,2003,80.641,14.8,2.5
Switzerland,CHE,2004,80.905,15.2,2.5
Switzerland,CHE,2005,81.163,15.5,2.5
Switzerland,CHE,2006,81.413,15.9,2.5
Switzerland,CHE,2007,81.65,16.2,2.5
Switzerland,CHE,2008,81.872,16.5,2.5
Switzerland,CHE,2009,82.077,16.9,2.5
Switzerland,CHE,2010,82.269,17.3,2.5
Switzerland,CHE,2011,82.45,17.6,2.5
Switzerland,CHE,2012,82.626,18,2.5
Switzerland,CHE,2013,82.799,18.4,2.5
Switzerland,CHE,2014,82.971,18.7,2.5
Switzerland,CHE,2015,83.142,19.1,2.5
Switzerland,CHE,2016,83.31,19.5,2.5
Tanzania,TZA,2001,51.444,4,33.1
Tanzania,TZA,2002,52.142,4.2,34.2
Tanzania,TZA,2003,52.866,4.4,33.7
Tanzania,TZA,2004,53.602,4.7,33.8
Tanzania,TZA,2005,54.349,4.9,31.7
Tanzania,TZA,2006,55.119,5.1,30.3
Tanzania,TZA,2007,55.926,5.4,30.6
Tanzania,TZA,2008,56.777,5.7,30.8
Tanzania,TZA,2009,57.666,6,32.6
Tanzania,TZA,2010,58.584,6.3,31.6
Tanzania,TZA,2011,59.525,6.6,30.7
Tanzania,TZA,2012,60.47,6.9,29.1
Tanzania,TZA,2013,61.398,7.3,27.9
Tanzania,TZA,2014,62.288,7.6,26.5
Tanzania,TZA,2015,63.111,8,24.8
Tanzania,TZA,2016,63.844,8.4,24.4
Thailand,THA,2001,70.832,3.9,17.4
Thailand,THA,2002,71.089,4.2,16.4
Thailand,THA,2003,71.389,4.4,15.1
Thailand,THA,2004,71.728,4.7,13.7
Thailand,THA,2005,72.099,5,12
Thailand,THA,2006,72.499,5.4,10.7
Thailand,THA,2007,72.916,5.7,10.2
Thailand,THA,2008,73.341,6.1,10.7
Thailand,THA,2009,73.766,6.5,10.7
Thailand,THA,2010,74.184,7,10.5
Thailand,THA,2011,74.593,7.4,9.9
Thailand,THA,2012,74.992,7.9,9.4
Thailand,THA,2013,75.378,8.4,9.1
Thailand,THA,2014,75.747,8.9,8.8
Thailand,THA,2015,76.091,9.4,8.6
Thailand,THA,2016,76.403,10,8.6
Timor,TLS,2001,59.945,1.5,41.6
Timor,TLS,2002,60.901,1.6,36.6
Timor,TLS,2003,61.888,1.7,33.2
Timor,TLS,2004,62.893,1.8,32.6
Timor,TLS,2005,63.882,1.9,32.3
Timor,TLS,2006,64.803,2,32
Timor,TLS,2007,65.61,2.1,31.8
Timor,TLS,2008,66.276,2.3,32.5
Timor,TLS,2009,66.796,2.4,32.6
Timor,TLS,2010,67.186,2.6,32.6
Timor,TLS,2011,67.477,2.8,31.2
Timor,TLS,2012,67.72,2.9,31.1
Timor,TLS,2013,67.953,3.1,31
Timor,TLS,2014,68.197,3.3,30.8
Timor,TLS,2015,68.459,3.6,30.3
Timor,TLS,2016,68.735,3.8,30.2
Togo,TGO,2001,53.554,4.3,31.4
Togo,TGO,2002,53.71,4.5,31.2
Togo,TGO,2003,53.938,4.7,29.9
Togo,TGO,2004,54.234,5,28.9
Togo,TGO,2005,54.602,5.2,27.8
Togo,TGO,2006,55.052,5.5,27.3
Togo,TGO,2007,55.581,5.7,26.4
Togo,TGO,2008,56.178,6,25.7
Togo,TGO,2009,56.818,6.3,24.8
Togo,TGO,2010,57.468,6.5,24
Togo,TGO,2011,58.092,6.8,23.2
Togo,TGO,2012,58.661,7.1,22.3
Togo,TGO,2013,59.16,7.4,21.4
Togo,TGO,2014,59.58,7.8,21.1
Togo,TGO,2015,59.927,8.1,21.3
Togo,TGO,2016,60.22,8.4,21.3
Trinidad and Tobago,TTO,2001,69.65,11,10.1
Trinidad and Tobago,TTO,2002,69.903,11.5,10.5
Trinidad and Tobago,TTO,2003,70.164,11.9,11.1
Trinidad and Tobago,TTO,2004,70.428,12.4,11.5
Trinidad and Tobago,TTO,2005,70.691,12.9,11.2
Trinidad and Tobago,TTO,2006,70.952,13.3,10.6
Trinidad and Tobago,TTO,2007,71.21,13.8,10
Trinidad and Tobago,TTO,2008,71.464,14.3,9.6
Trinidad and Tobago,TTO,2009,71.71,14.8,9.7
Trinidad and Tobago,TTO,2010,71.946,15.3,9.2
Trinidad and Tobago,TTO,2011,72.17,15.8,8.4
Trinidad and Tobago,TTO,2012,72.382,16.3,7.2
Trinidad and Tobago,TTO,2013,72.582,16.9,6.3
Trinidad and Tobago,TTO,2014,72.768,17.4,6
Trinidad and Tobago,TTO,2015,72.941,18,5.9
Trinidad and Tobago,TTO,2016,73.1,18.6,5.9
Tunisia,TUN,2001,73.415,18.7,4.4
Tunisia,TUN,2002,73.638,19.2,4.5
Tunisia,TUN,2003,73.842,19.7,4.5
Tunisia,TUN,2004,74.034,20.2,4.4
Tunisia,TUN,2005,74.217,20.7,4.3
Tunisia,TUN,2006,74.391,21.3,4.3
Tunisia,TUN,2007,74.558,21.8,4.1
Tunisia,TUN,2008,74.72,22.3,3.9
Tunisia,TUN,2009,74.88,22.9,3.7
Tunisia,TUN,2010,75.041,23.4,3.5
Tunisia,TUN,2011,75.206,24,3.3
Tunisia,TUN,2012,75.376,24.6,3.2
Tunisia,TUN,2013,75.552,25.1,2.9
Tunisia,TUN,2014,75.734,25.7,2.7
Tunisia,TUN,2015,75.922,26.3,2.5
Tunisia,TUN,2016,76.115,26.9,2.5
Turkey,TUR,2001,70.56,22.7,2.5
Turkey,TUR,2002,71.078,23.3,2.5
Turkey,TUR,2003,71.559,23.9,2.5
Turkey,TUR,2004,72.004,24.5,2.5
Turkey,TUR,2005,72.424,25.1,2.5
Turkey,TUR,2006,72.83,25.7,2.5
Turkey,TUR,2007,73.235,26.3,2.5
Turkey,TUR,2008,73.649,26.9,2.5
Turkey,TUR,2009,74.074,27.6,2.5
Turkey,TUR,2010,74.507,28.2,2.5
Turkey,TUR,2011,74.944,28.9,2.5
Turkey,TUR,2012,75.373,29.5,2.5
Turkey,TUR,2013,75.784,30.2,2.5
Turkey,TUR,2014,76.172,30.8,2.5
Turkey,TUR,2015,76.532,31.5,2.5
Turkey,TUR,2016,76.86,32.1,2.5
Turkmenistan,TKM,2001,63.842,11.3,6.9
Turkmenistan,TKM,2002,64.101,11.7,6.3
Turkmenistan,TKM,2003,64.386,12.1,5.3
Turkmenistan,TKM,2004,64.693,12.5,4.6
Turkmenistan,TKM,2005,65.017,12.9,4.3
Turkmenistan,TKM,2006,65.354,13.4,4
Turkmenistan,TKM,2007,65.695,13.8,4
Turkmenistan,TKM,2008,66.031,14.3,4
Turkmenistan,TKM,2009,66.355,14.8,4.4
Turkmenistan,TKM,2010,66.657,15.3,4.6
Turkmenistan,TKM,2011,66.928,15.8,4.9
Turkmenistan,TKM,2012,67.167,16.3,5.1
Turkmenistan,TKM,2013,67.375,16.9,4.7
Turkmenistan,TKM,2014,67.552,17.4,4.2
Turkmenistan,TKM,2015,67.704,18,3.6
Turkmenistan,TKM,2016,67.835,18.6,3.7
Ukraine,UKR,2001,67.267,19.3,3
Ukraine,UKR,2002,67.288,19.6,2.5
Ukraine,UKR,2003,67.317,19.9,2.5
Ukraine,UKR,2004,67.361,20.2,2.5
Ukraine,UKR,2005,67.451,20.5,2.5
Ukraine,UKR,2006,67.625,20.8,2.5
Ukraine,UKR,2007,67.909,21.1,2.5
Ukraine,UKR,2008,68.306,21.4,2.5
Ukraine,UKR,2009,68.802,21.7,2.5
Ukraine,UKR,2010,69.361,22,2.5
Ukraine,UKR,2011,69.932,22.4,2.5
Ukraine,UKR,2012,70.464,22.7,2.5
Ukraine,UKR,2013,70.918,23,2.5
Ukraine,UKR,2014,71.276,23.4,2.5
Ukraine,UKR,2015,71.535,23.7,2.8
Ukraine,UKR,2016,71.711,24.1,2.5
United Arab Emirates,ARE,2001,74.544,22.3,3.4
United Arab Emirates,ARE,2002,74.758,22.8,4.4
United Arab Emirates,ARE,2003,74.968,23.4,5.9
United Arab Emirates,ARE,2004,75.174,23.9,7.7
United Arab Emirates,ARE,2005,75.376,24.5,8.9
United Arab Emirates,ARE,2006,75.573,25,9.3
United Arab Emirates,ARE,2007,75.767,25.7,9
United Arab Emirates,ARE,2008,75.957,26.3,8.2
United Arab Emirates,ARE,2009,76.145,27,7.5
United Arab Emirates,ARE,2010,76.332,27.7,6.4
United Arab Emirates,ARE,2011,76.521,28.3,5.5
United Arab Emirates,ARE,2012,76.711,29,4.5
United Arab Emirates,ARE,2013,76.903,29.7,3.6
United Arab Emirates,ARE,2014,77.095,30.3,3
United Arab Emirates,ARE,2015,77.285,31,2.8
United Arab Emirates,ARE,2016,77.47,31.7,2.8
United Kingdom,GBR,2001,78.011,19.2,2.5
United Kingdom,GBR,2002,78.268,19.7,2.5
United Kingdom,GBR,2003,78.529,20.3,2.5
United Kingdom,GBR,2004,78.79,20.8,2.5
United Kingdom,GBR,2005,79.052,21.4,2.5
United Kingdom,GBR,2006,79.316,21.9,2.5
United Kingdom,GBR,2007,79.584,22.5,2.5
United Kingdom,GBR,2008,79.85,23.1,2.5
United Kingdom,GBR,2009,80.11,23.6,2.5
United Kingdom,GBR,2010,80.352,24.2,2.5
United Kingdom,GBR,2011,80.564,24.8,2.5
United Kingdom,GBR,2012,80.739,25.4,2.5
United Kingdom,GBR,2013,80.876,26,2.5
United Kingdom,GBR,2014,80.978,26.6,2.5
United Kingdom,GBR,2015,81.052,27.2,2.5
United Kingdom,GBR,2016,81.111,27.8,2.5
United States,USA,2001,76.962,26.2,2.5
United States,USA,2002,77.124,26.9,2.5
United States,USA,2003,77.299,27.6,2.5
United States,USA,2004,77.486,28.3,2.5
United States,USA,2005,77.685,29,2.5
United States,USA,2006,77.892,29.7,2.5
United States,USA,2007,78.101,30.3,2.5
United States,USA,2008,78.303,31,2.5
United States,USA,2009,78.49,31.7,2.5
United States,USA,2010,78.652,32.3,2.5
United States,USA,2011,78.777,33,2.5
United States,USA,2012,78.862,33.6,2.5
United States,USA,2013,78.909,34.3,2.5
United States,USA,2014,78.922,34.9,2.5
United States,USA,2015,78.91,35.6,2.5
United States,USA,2016,78.885,36.2,2.5
Uruguay,URY,2001,74.939,21,3.7
Uruguay,URY,2002,75.152,21.4,3.6
Uruguay,URY,2003,75.373,21.9,3.7
Uruguay,URY,2004,75.599,22.3,3.9
Uruguay,URY,2005,75.826,22.8,3.9
Uruguay,URY,2006,76.046,23.2,3.7
Uruguay,URY,2007,76.251,23.7,3.1
Uruguay,URY,2008,76.437,24.1,2.6
Uruguay,URY,2009,76.603,24.6,2.5
Uruguay,URY,2010,76.75,25.1,2.5
Uruguay,URY,2011,76.882,25.5,2.5
Uruguay,URY,2012,77.004,26,2.5
Uruguay,URY,2013,77.124,26.5,2.5
Uruguay,URY,2014,77.244,27,2.5
Uruguay,URY,2015,77.369,27.5,2.5
Uruguay,URY,2016,77.498,27.9,2.5
Uzbekistan,UZB,2001,67.374,10.1,18
Uzbekistan,UZB,2002,67.613,10.4,19.4
Uzbekistan,UZB,2003,67.868,10.7,18.8
Uzbekistan,UZB,2004,68.135,11,16.9
Uzbekistan,UZB,2005,68.407,11.4,14.9
Uzbekistan,UZB,2006,68.676,11.8,12.7
Uzbekistan,UZB,2007,68.939,12.2,11.6
Uzbekistan,UZB,2008,69.193,12.6,11.3
Uzbekistan,UZB,2009,69.435,13,11
Uzbekistan,UZB,2010,69.672,13.5,10.3
Uzbekistan,UZB,2011,69.91,13.9,9.4
Uzbekistan,UZB,2012,70.155,14.4,8.7
Uzbekistan,UZB,2013,70.41,14.9,6.6
Uzbekistan,UZB,2014,70.671,15.4,4.7
Uzbekistan,UZB,2015,70.928,16,2.9
Uzbekistan,UZB,2016,71.171,16.6,2.9
Vanuatu,VUT,2001,67.583,16.2,7.5
Vanuatu,VUT,2002,67.793,16.7,7.3
Vanuatu,VUT,2003,67.99,17.3,6.9
Vanuatu,VUT,2004,68.176,17.8,6.6
Vanuatu,VUT,2005,68.35,18.4,6.4
Vanuatu,VUT,2006,68.515,19,5.8
Vanuatu,VUT,2007,68.672,19.5,5.4
Vanuatu,VUT,2008,68.824,20.1,5.1
Vanuatu,VUT,2009,68.974,20.7,5.2
Vanuatu,VUT,2010,69.123,21.3,5.3
Vanuatu,VUT,2011,69.272,22,5.7
Vanuatu,VUT,2012,69.421,22.6,6
Vanuatu,VUT,2013,69.57,23.2,6.5
Vanuatu,VUT,2014,69.719,23.9,7.1
Vanuatu,VUT,2015,69.869,24.5,8.4
Vanuatu,VUT,2016,70.021,25.2,9.2
Venezuela,VEN,2001,72.294,19.9,15.1
Venezuela,VEN,2002,72.466,20.3,15.2
Venezuela,VEN,2003,72.618,20.6,14.8
Venezuela,VEN,2004,72.746,21,10.1
Venezuela,VEN,2005,72.852,21.4,8.5
Venezuela,VEN,2006,72.938,21.8,7.2
Venezuela,VEN,2007,73.01,22.2,4.9
Venezuela,VEN,2008,73.071,22.5,2.9
Venezuela,VEN,2009,73.116,22.9,2.5
Venezuela,VEN,2010,73.134,23.3,2.5
Venezuela,VEN,2011,73.11,23.7,2.5
Venezuela,VEN,2012,73.037,24,3.3
Venezuela,VEN,2013,72.918,24.4,4.7
Venezuela,VEN,2014,72.762,24.8,8.6
Venezuela,VEN,2015,72.584,25.2,14
Venezuela,VEN,2016,72.405,25.6,20.8
Vietnam,VNM,2001,73.228,0.7,19.8
Vietnam,VNM,2002,73.438,0.7,18.1
Vietnam,VNM,2003,73.654,0.8,16.4
Vietnam,VNM,2004,73.875,0.9,15.7
Vietnam,VNM,2005,74.092,0.9,15.6
Vietnam,VNM,2006,74.295,1,15.4
Vietnam,VNM,2007,74.474,1.1,14.2
Vietnam,VNM,2008,74.625,1.2,12.9
Vietnam,VNM,2009,74.745,1.3,11.9
Vietnam,VNM,2010,74.837,1.4,11.1
Vietnam,VNM,2011,74.904,1.5,10.5
Vietnam,VNM,2012,74.958,1.6,10.1
Vietnam,VNM,2013,75.006,1.7,9.8
Vietnam,VNM,2014,75.056,1.8,9
Vietnam,VNM,2015,75.11,2,8.2
Vietnam,VNM,2016,75.172,2.1,7.6
